时间,电机位置,电机力矩,关节实际位置（编码器）,关节理论位置（电机转换）,关节指令位置
0,0,0,1.831,0.031957,0
0.001,0,0,1.831,0.031957,-5.02296e-05
0.002,0,0,1.831,0.031957,-0.000200912
0.003,0,0,1.831,0.031957,-0.000452028
0.004,0,0,1.831,0.031957,-0.000803546
0.005,0,0,1.831,0.031957,-0.00125542
0.006,0,0,1.831,0.031957,-0.00180759
0.007,0,0,1.831,0.031957,-0.00245999
0.008,0,0,1.831,0.031957,-0.00321254
0.009,0,0,1.831,0.031957,-0.00406513
0.01,0,0,1.831,0.031957,-0.00501766
0.011,0,0,1.831,0.031957,-0.00607002
0.012,0,0,1.831,0.031957,-0.00722205
0.013,0,0,1.831,0.031957,-0.00847362
0.014,0,0,1.831,0.031957,-0.00982456
0.015,0,0,1.831,0.031957,-0.0112747
0.016,0,0,1.831,0.031957,-0.0128239
0.017,0,0,1.831,0.031957,-0.0144719
0.018,0,0,1.831,0.031957,-0.0162184
0.019,0,0,1.831,0.031957,-0.0180634
0.02,0,0,1.831,0.031957,-0.0200065
0.021,0,0,1.831,0.031957,-0.0220476
0.022,0,0,1.831,0.031957,-0.0241862
0.023,0,0,1.831,0.031957,-0.0264223
0.024,0,0,1.831,0.031957,-0.0287554
0.025,0,0,1.831,0.031957,-0.0311853
0.026,0,0,1.831,0.031957,-0.0337116
0.027,0,0,1.831,0.031957,-0.0363341
0.028,0,0,1.831,0.031957,-0.0390525
0.029,0,0,1.831,0.031957,-0.0418662
0.03,0,0,1.831,0.031957,-0.0447751
0.031,0,0,1.831,0.031957,-0.0477788
0.032,0,0,1.831,0.031957,-0.0508767
0.033,0,0,1.831,0.031957,-0.0540686
0.034,0,0,1.831,0.031957,-0.0573541
0.035,0,0,1.831,0.031957,-0.0607327
0.036,0,0,1.831,0.031957,-0.0642039
0.037,0,0,1.831,0.031957,-0.0677675
0.038,0,0,1.831,0.031957,-0.0714228
0.039,0,0,1.831,0.031957,-0.0751694
0.04,0,0,1.831,0.031957,-0.0790069
0.041,0,0,1.831,0.031957,-0.0829347
0.042,0,0,1.831,0.031957,-0.0869524
0.043,0,0,1.831,0.031957,-0.0910594
0.044,0,0,1.831,0.031957,-0.0952552
0.045,0,0,1.831,0.031957,-0.0995393
0.046,0,0,1.831,0.031957,-0.103911
0.047,0,0,1.831,0.031957,-0.10837
0.048,0,0,1.831,0.031957,-0.112916
0.049,0,0,1.831,0.031957,-0.117547
0.05,0,0,1.831,0.031957,-0.122264
0.051,0,0,1.831,0.031957,-0.127066
0.052,0,0,1.831,0.031957,-0.131952
0.053,0,0,1.831,0.031957,-0.136922
0.054,0,0,1.831,0.031957,-0.141975
0.055,0,0,1.831,0.031957,-0.147109
0.056,0,0,1.831,0.031957,-0.152326
0.057,0,0,1.831,0.031957,-0.157623
0.058,0,0,1.831,0.031957,-0.163001
0.059,0,0,1.831,0.031957,-0.168459
0.06,0,0,1.831,0.031957,-0.173995
0.061,0,0,1.831,0.031957,-0.17961
0.062,0,0,1.831,0.031957,-0.185302
0.0629999,0,0,1.831,0.031957,-0.19107
0.064,0,0,1.831,0.031957,-0.196915
0.065,0,0,1.831,0.031957,-0.202835
0.066,0,0,1.831,0.031957,-0.20883
0.067,0,0,1.831,0.031957,-0.214898
0.068,0,0,1.831,0.031957,-0.221039
0.069,0,0,1.831,0.031957,-0.227253
0.07,0,0,1.831,0.031957,-0.233538
0.071,0,0,1.831,0.031957,-0.239893
0.072,0,0,1.831,0.031957,-0.246319
0.073,0,0,1.831,0.031957,-0.252813
0.074,0,0,1.831,0.031957,-0.259375
0.075,0,0,1.831,0.031957,-0.266005
0.076,0,0,1.831,0.031957,-0.272701
0.077,0,0,1.831,0.031957,-0.279463
0.078,0,0,1.831,0.031957,-0.286289
0.079,0,0,1.831,0.031957,-0.293179
0.08,0,0,1.831,0.031957,-0.300132
0.081,0,0,1.831,0.031957,-0.307147
0.082,0,0,1.831,0.031957,-0.314224
0.083,0,0,1.831,0.031957,-0.32136
0.084,0,0,1.831,0.031957,-0.328556
0.085,0,0,1.831,0.031957,-0.335811
0.086,0,0,1.831,0.031957,-0.343123
0.087,0,0,1.831,0.031957,-0.350491
0.088,0,0,1.831,0.031957,-0.357916
0.089,0,0,1.831,0.031957,-0.365394
0.09,0,0,1.831,0.031957,-0.372927
0.091,0,0,1.831,0.031957,-0.380512
0.092,0,0,1.831,0.031957,-0.388149
0.093,0,0,1.831,0.031957,-0.395837
0.094,0,0,1.831,0.031957,-0.403575
0.095,0,0,1.831,0.031957,-0.411362
0.096,0,0,1.831,0.031957,-0.419196
0.097,0,0,1.831,0.031957,-0.427077
0.098,0,0,1.831,0.031957,-0.435004
0.099,0,0,1.831,0.031957,-0.442976
0.1,0,0,1.831,0.031957,-0.450992
0.101,0,0,1.831,0.031957,-0.459051
0.102,0,0,1.831,0.031957,-0.467151
0.103,0,0,1.831,0.031957,-0.475292
0.104,0,0,1.831,0.031957,-0.483472
0.105,0,0,1.831,0.031957,-0.491691
0.106,0,0,1.831,0.031957,-0.499948
0.107,0,0,1.831,0.031957,-0.508242
0.108,0,0,1.831,0.031957,-0.51657
0.109,0,0,1.831,0.031957,-0.524934
0.11,0,0,1.831,0.031957,-0.53333
0.111,0,0,1.831,0.031957,-0.541759
0.112,0,0,1.831,0.031957,-0.550219
0.113,0,0,1.831,0.031957,-0.558708
0.114,0,0,1.831,0.031957,-0.567227
0.115,0,0,1.831,0.031957,-0.575774
0.116,0,0,1.831,0.031957,-0.584348
0.117,0,0,1.831,0.031957,-0.592947
0.118,0,0,1.831,0.031957,-0.601571
0.119,0,0,1.831,0.031957,-0.610219
0.12,0,0,1.831,0.031957,-0.618889
0.121,0,0,1.831,0.031957,-0.62758
0.122,0,0,1.831,0.031957,-0.636291
0.123,0,0,1.831,0.031957,-0.645022
0.124,0,0,1.831,0.031957,-0.65377
0.125,0,0,1.831,0.031957,-0.662535
0.126,0,0,1.831,0.031957,-0.671316
0.127,0,0,1.831,0.031957,-0.680112
0.128,0,0,1.831,0.031957,-0.688921
0.129,0,0,1.831,0.031957,-0.697742
0.13,0,0,1.831,0.031957,-0.706575
0.131,0,0,1.831,0.031957,-0.715418
0.132,0,0,1.831,0.031957,-0.724269
0.133,0,0,1.831,0.031957,-0.733129
0.134,0,0,1.831,0.031957,-0.741995
0.135,0,0,1.831,0.031957,-0.750866
0.136,0,0,1.831,0.031957,-0.759742
0.137,0,0,1.831,0.031957,-0.768622
0.138,0,0,1.831,0.031957,-0.777503
0.139,0,0,1.831,0.031957,-0.786386
0.14,0,0,1.831,0.031957,-0.795268
0.141,0,0,1.831,0.031957,-0.80415
0.142,0,0,1.831,0.031957,-0.813028
0.143,0,0,1.831,0.031957,-0.821903
0.144,0,0,1.831,0.031957,-0.830774
0.145,0,0,1.831,0.031957,-0.839639
0.146,0,0,1.831,0.031957,-0.848496
0.147,0,0,1.831,0.031957,-0.857346
0.148,0,0,1.831,0.031957,-0.866187
0.149,0,0,1.831,0.031957,-0.875017
0.15,0,0,1.831,0.031957,-0.883836
0.151,0,0,1.831,0.031957,-0.892642
0.152,0,0,1.831,0.031957,-0.901434
0.153,0,0,1.831,0.031957,-0.910212
0.154,0,0,1.831,0.031957,-0.918973
0.155,0,0,1.831,0.031957,-0.927718
0.156,0,0,1.831,0.031957,-0.936444
0.157,0,0,1.831,0.031957,-0.945151
0.158,0,0,1.831,0.031957,-0.953838
0.159,0,0,1.831,0.031957,-0.962503
0.16,0,0,1.831,0.031957,-0.971145
0.161,0,0,1.831,0.031957,-0.979764
0.162,0,0,1.831,0.031957,-0.988358
0.163,0,0,1.831,0.031957,-0.996925
0.164,0,0,1.831,0.031957,-1.00547
0.165,0,0,1.831,0.031957,-1.01398
0.166,0,0,1.831,0.031957,-1.02246
0.167,0,0,1.831,0.031957,-1.03092
0.168,0,0,1.831,0.031957,-1.03934
0.169,0,0,1.831,0.031957,-1.04773
0.17,0,0,1.831,0.031957,-1.05608
0.171,0,0,1.831,0.031957,-1.0644
0.172,0,0,1.831,0.031957,-1.07269
0.173,0,0,1.831,0.031957,-1.08094
0.174,0,0,1.831,0.031957,-1.08915
0.175,0,0,1.831,0.031957,-1.09732
0.176,0,0,1.831,0.031957,-1.10545
0.177,0,0,1.831,0.031957,-1.11354
0.178,0,0,1.831,0.031957,-1.12159
0.179,0,0,1.831,0.031957,-1.1296
0.18,0,0,1.831,0.031957,-1.13756
0.181,0,0,1.831,0.031957,-1.14548
0.182,0,0,1.831,0.031957,-1.15335
0.183,0,0,1.831,0.031957,-1.16117
0.184,0,0,1.831,0.031957,-1.16895
0.185,0,0,1.831,0.031957,-1.17667
0.186,0,0,1.831,0.031957,-1.18435
0.187,0,0,1.831,0.031957,-1.19198
0.188,0,0,1.831,0.031957,-1.19955
0.189,0,0,1.831,0.031957,-1.20707
0.19,0,0,1.831,0.031957,-1.21454
0.191,0,0,1.831,0.031957,-1.22195
0.192,0,0,1.831,0.031957,-1.2293
0.193,0,0,1.831,0.031957,-1.2366
0.194,0,0,1.831,0.031957,-1.24385
0.195,0,0,1.831,0.031957,-1.25103
0.196,0,0,1.831,0.031957,-1.25815
0.197,0,0,1.831,0.031957,-1.26521
0.198,0,0,1.831,0.031957,-1.27222
0.199,0,0,1.831,0.031957,-1.27916
0.2,0,0,1.831,0.031957,-1.28603
0.201,0,0,1.831,0.031957,-1.29284
0.202,0,0,1.831,0.031957,-1.29959
0.203,0,0,1.831,0.031957,-1.30627
0.204,0,0,1.831,0.031957,-1.31289
0.205,0,0,1.831,0.031957,-1.31943
0.206,0,0,1.831,0.031957,-1.32591
0.207,0,0,1.831,0.031957,-1.33232
0.208,0,0,1.831,0.031957,-1.33866
0.209,0,0,1.831,0.031957,-1.34493
0.21,0,0,1.831,0.031957,-1.35113
0.211,0,0,1.831,0.031957,-1.35725
0.212,0,0,1.831,0.031957,-1.36331
0.213,0,0,1.831,0.031957,-1.36928
0.214,0,0,1.831,0.031957,-1.37519
0.215,0,0,1.831,0.031957,-1.38102
0.216,0,0,1.831,0.031957,-1.38677
0.217,0,0,1.831,0.031957,-1.39244
0.218,0,0,1.831,0.031957,-1.39804
0.219,0,0,1.831,0.031957,-1.40356
0.22,0,0,1.831,0.031957,-1.409
0.221,0,0,1.831,0.031957,-1.41436
0.222,0,0,1.831,0.031957,-1.41964
0.223,0,0,1.831,0.031957,-1.42484
0.224,0,0,1.831,0.031957,-1.42995
0.225,0,0,1.831,0.031957,-1.43499
0.226,0,0,1.831,0.031957,-1.43994
0.227,0,0,1.831,0.031957,-1.44481
0.228,0,0,1.831,0.031957,-1.44959
0.229,0,0,1.831,0.031957,-1.45429
0.23,0,0,1.831,0.031957,-1.4589
0.231,0,0,1.831,0.031957,-1.46343
0.232,0,0,1.831,0.031957,-1.46787
0.233,0,0,1.831,0.031957,-1.47222
0.234,0,0,1.831,0.031957,-1.47648
0.235,0,0,1.831,0.031957,-1.48066
0.236,0,0,1.831,0.031957,-1.48475
0.237,0,0,1.831,0.031957,-1.48874
0.238,0,0,1.831,0.031957,-1.49265
0.239,0,0,1.831,0.031957,-1.49647
0.24,0,0,1.831,0.031957,-1.50019
0.241,0,0,1.831,0.031957,-1.50383
0.242,0,0,1.831,0.031957,-1.50737
0.243,0,0,1.831,0.031957,-1.51082
0.244,0,0,1.831,0.031957,-1.51418
0.245,0,0,1.831,0.031957,-1.51745
0.246,0,0,1.831,0.031957,-1.52062
0.247,0,0,1.831,0.031957,-1.52369
0.248,0,0,1.831,0.031957,-1.52668
0.249,0,0,1.831,0.031957,-1.52956
0.25,0,0,1.831,0.031957,-1.53236
0.251,0,0,1.831,0.031957,-1.53505
0.252,0,0,1.831,0.031957,-1.53766
0.253,0,0,1.831,0.031957,-1.54016
0.254,0,0,1.831,0.031957,-1.54257
0.255,0,0,1.831,0.031957,-1.54488
0.256,0,0,1.831,0.031957,-1.54709
0.257,0,0,1.831,0.031957,-1.54921
0.258,0,0,1.831,0.031957,-1.55123
0.259,0,0,1.831,0.031957,-1.55315
0.26,0,0,1.831,0.031957,-1.55497
0.261,0,0,1.831,0.031957,-1.5567
0.262,0,0,1.831,0.031957,-1.55833
0.263,0,0,1.831,0.031957,-1.55985
0.264,0,0,1.831,0.031957,-1.56128
0.265,0,0,1.831,0.031957,-1.56261
0.266,0,0,1.831,0.031957,-1.56384
0.267,0,0,1.831,0.031957,-1.56497
0.268,0,0,1.831,0.031957,-1.566
0.269,0,0,1.831,0.031957,-1.56693
0.27,0,0,1.831,0.031957,-1.56776
0.271,0,0,1.831,0.031957,-1.56849
0.272,0,0,1.831,0.031957,-1.56912
0.273,0,0,1.831,0.031957,-1.56965
0.274,0,0,1.831,0.031957,-1.57008
0.275,0,0,1.831,0.031957,-1.57041
0.276,0,0,1.831,0.031957,-1.57064
0.277,0,0,1.831,0.031957,-1.57077
0.278,0,0,1.831,0.031957,-1.57079
0.279,0,0,1.831,0.031957,-1.57072
0.28,0,0,1.831,0.031957,-1.57055
0.281,0,0,1.831,0.031957,-1.57027
0.282,0,0,1.831,0.031957,-1.5699
0.283,0,0,1.831,0.031957,-1.56943
0.284,0,0,1.831,0.031957,-1.56885
0.285,0,0,1.831,0.031957,-1.56818
0.286,0,0,1.831,0.031957,-1.5674
0.287,0,0,1.831,0.031957,-1.56653
0.288,0,0,1.831,0.031957,-1.56555
0.289,0,0,1.831,0.031957,-1.56448
0.29,0,0,1.831,0.031957,-1.5633
0.291,0,0,1.831,0.031957,-1.56203
0.292,0,0,1.831,0.031957,-1.56066
0.293,0,0,1.831,0.031957,-1.55919
0.294,0,0,1.831,0.031957,-1.55762
0.295,0,0,1.831,0.031957,-1.55595
0.296,0,0,1.831,0.031957,-1.55418
0.297,0,0,1.831,0.031957,-1.55231
0.298,0,0,1.831,0.031957,-1.55035
0.299,0,0,1.831,0.031957,-1.54828
0.3,0,0,1.831,0.031957,-1.54612
0.301,0,0,1.831,0.031957,-1.54386
0.302,0,0,1.831,0.031957,-1.54151
0.303,0,0,1.831,0.031957,-1.53906
0.304,0,0,1.831,0.031957,-1.53651
0.305,0,0,1.831,0.031957,-1.53387
0.306,0,0,1.831,0.031957,-1.53113
0.307,0,0,1.831,0.031957,-1.52829
0.308,0,0,1.831,0.031957,-1.52536
0.309,0,0,1.831,0.031957,-1.52234
0.31,0,0,1.831,0.031957,-1.51922
0.311,0,0,1.831,0.031957,-1.51601
0.312,0,0,1.831,0.031957,-1.5127
0.313,0,0,1.831,0.031957,-1.5093
0.314,0,0,1.831,0.031957,-1.50581
0.314999,0,0,1.831,0.031957,-1.50223
0.315999,0,0,1.831,0.031957,-1.49855
0.316999,0,0,1.831,0.031957,-1.49478
0.317999,0,0,1.831,0.031957,-1.49093
0.318999,0,0,1.831,0.031957,-1.48698
0.319999,0,0,1.831,0.031957,-1.48294
0.320999,0,0,1.831,0.031957,-1.47881
0.321999,0,0,1.831,0.031957,-1.4746
0.322999,0,0,1.831,0.031957,-1.4703
0.323999,0,0,1.831,0.031957,-1.4659
0.324999,0,0,1.831,0.031957,-1.46143
0.325999,0,0,1.831,0.031957,-1.45686
0.326999,0,0,1.831,0.031957,-1.45221
0.327999,0,0,1.831,0.031957,-1.44748
0.328999,0,0,1.831,0.031957,-1.44265
0.329999,0,0,1.831,0.031957,-1.43775
0.330999,0,0,1.831,0.031957,-1.43276
0.331999,0,0,1.831,0.031957,-1.42769
0.332999,0,0,1.831,0.031957,-1.42254
0.333999,0,0,1.831,0.031957,-1.4173
0.334999,0,0,1.831,0.031957,-1.41199
0.335999,0,0,1.831,0.031957,-1.40659
0.336999,0,0,1.831,0.031957,-1.40112
0.337999,0,0,1.831,0.031957,-1.39556
0.338999,0,0,1.831,0.031957,-1.38993
0.339999,0,0,1.831,0.031957,-1.38422
0.340999,0,0,1.831,0.031957,-1.37844
0.341999,0,0,1.831,0.031957,-1.37258
0.342999,0,0,1.831,0.031957,-1.36664
0.343999,0,0,1.831,0.031957,-1.36063
0.344999,0,0,1.831,0.031957,-1.35454
0.345999,0,0,1.831,0.031957,-1.34839
0.346999,0,0,1.831,0.031957,-1.34216
0.347999,0,0,1.831,0.031957,-1.33586
0.348999,0,0,1.831,0.031957,-1.32949
0.349999,0,0,1.831,0.031957,-1.32305
0.350999,0,0,1.831,0.031957,-1.31654
0.351999,0,0,1.831,0.031957,-1.30996
0.352999,0,0,1.831,0.031957,-1.30332
0.353999,0,0,1.831,0.031957,-1.29661
0.354999,0,0,1.831,0.031957,-1.28983
0.355999,0,0,1.831,0.031957,-1.28299
0.356999,0,0,1.831,0.031957,-1.27608
0.357999,0,0,1.831,0.031957,-1.26912
0.358999,0,0,1.831,0.031957,-1.26209
0.359999,0,0,1.831,0.031957,-1.255
0.360999,0,0,1.831,0.031957,-1.24785
0.361999,0,0,1.831,0.031957,-1.24064
0.362999,0,0,1.831,0.031957,-1.23337
0.363999,0,0,1.831,0.031957,-1.22605
0.364999,0,0,1.831,0.031957,-1.21867
0.365999,0,0,1.831,0.031957,-1.21123
0.366999,0,0,1.831,0.031957,-1.20374
0.367999,0,0,1.831,0.031957,-1.1962
0.368999,0,0,1.831,0.031957,-1.1886
0.369999,0,0,1.831,0.031957,-1.18095
0.370999,0,0,1.831,0.031957,-1.17325
0.371999,0,0,1.831,0.031957,-1.1655
0.372999,0,0,1.831,0.031957,-1.15771
0.373999,0,0,1.831,0.031957,-1.14986
0.374999,0,0,1.831,0.031957,-1.14197
0.375999,0,0,1.831,0.031957,-1.13403
0.376999,0,0,1.831,0.031957,-1.12605
0.377999,0,0,1.831,0.031957,-1.11803
0.378999,0,0,1.831,0.031957,-1.10996
0.379999,0,0,1.831,0.031957,-1.10185
0.380999,0,0,1.831,0.031957,-1.0937
0.381999,0,0,1.831,0.031957,-1.08551
0.382999,0,0,1.831,0.031957,-1.07728
0.383999,0,0,1.831,0.031957,-1.06902
0.384999,0,0,1.831,0.031957,-1.06072
0.385999,0,0,1.831,0.031957,-1.05238
0.386999,0,0,1.831,0.031957,-1.04401
0.387999,0,0,1.831,0.031957,-1.03561
0.388999,0,0,1.831,0.031957,-1.02717
0.389999,0,0,1.831,0.031957,-1.01871
0.390999,0,0,1.831,0.031957,-1.01021
0.391998,0,0,1.831,0.031957,-1.00169
0.392998,0,0,1.831,0.031957,-0.993133
0.393998,0,0,1.831,0.031957,-0.984553
0.394998,0,0,1.831,0.031957,-0.975949
0.395998,0,0,1.831,0.031957,-0.967319
0.396998,0,0,1.831,0.031957,-0.958667
0.397998,0,0,1.831,0.031957,-0.949992
0.398998,0,0,1.831,0.031957,-0.941297
0.399998,0,0,1.831,0.031957,-0.932581
0.400998,0,0,1.831,0.031957,-0.923847
0.401998,0,0,1.831,0.031957,-0.915095
0.402998,0,0,1.831,0.031957,-0.906326
0.403998,0,0,1.831,0.031957,-0.897542
0.404998,0,0,1.831,0.031957,-0.888743
0.405998,0,0,1.831,0.031957,-0.879932
0.406998,0,0,1.831,0.031957,-0.871108
0.407998,0,0,1.831,0.031957,-0.862273
0.408998,0,0,1.831,0.031957,-0.853428
0.409998,0,0,1.831,0.031957,-0.844575
0.410998,0,0,1.831,0.031957,-0.835714
0.411998,0,0,1.831,0.031957,-0.826847
0.412998,0,0,1.831,0.031957,-0.817974
0.413998,0,0,1.831,0.031957,-0.809098
0.414998,0,0,1.831,0.031957,-0.800218
0.415998,0,0,1.831,0.031957,-0.791336
0.416998,0,0,1.831,0.031957,-0.782454
0.417998,0,0,1.831,0.031957,-0.773572
0.418998,0,0,1.831,0.031957,-0.764691
0.419998,0,0,1.831,0.031957,-0.755813
0.420998,0,0,1.831,0.031957,-0.746939
0.421998,0,0,1.831,0.031957,-0.73807
0.422998,0,0,1.831,0.031957,-0.729207
0.423998,0,0,1.831,0.031957,-0.720351
0.424998,0,0,1.831,0.031957,-0.711503
0.425998,0,0,1.831,0.031957,-0.702665
0.426998,0,0,1.831,0.031957,-0.693837
0.427998,0,0,1.831,0.031957,-0.685021
0.428998,0,0,1.831,0.031957,-0.676218
0.429998,0,0,1.831,0.031957,-0.667429
0.430998,0,0,1.831,0.031957,-0.658655
0.431998,0,0,1.831,0.031957,-0.649897
0.432998,0,0,1.831,0.031957,-0.641157
0.433998,0,0,1.831,0.031957,-0.632435
0.434998,0,0,1.831,0.031957,-0.623732
0.435998,0,0,1.831,0.031957,-0.61505
0.436998,0,0,1.831,0.031957,-0.60639
0.437998,0,0,1.831,0.031957,-0.597753
0.438998,0,0,1.831,0.031957,-0.58914
0.439998,0,0,1.831,0.031957,-0.580552
0.440998,0,0,1.831,0.031957,-0.57199
0.441998,0,0,1.831,0.031957,-0.563456
0.442998,0,0,1.831,0.031957,-0.55495
0.443998,0,0,1.831,0.031957,-0.546473
0.444998,0,0,1.831,0.031957,-0.538027
0.445998,0,0,1.831,0.031957,-0.529612
0.446998,0,0,1.831,0.031957,-0.521231
0.447998,0,0,1.831,0.031957,-0.512883
0.448998,0,0,1.831,0.031957,-0.50457
0.449998,0,0,1.831,0.031957,-0.496293
0.450998,0,0,1.831,0.031957,-0.488052
0.451998,0,0,1.831,0.031957,-0.47985
0.452998,0,0,1.831,0.031957,-0.471687
0.453998,0,0,1.831,0.031957,-0.463564
0.454998,0,0,1.831,0.031957,-0.455482
0.455998,0,0,1.831,0.031957,-0.447443
0.456998,0,0,1.831,0.031957,-0.439446
0.457998,0,0,1.831,0.031957,-0.431494
0.458998,0,0,1.831,0.031957,-0.423588
0.459998,0,0,1.831,0.031957,-0.415727
0.460998,0,0,1.831,0.031957,-0.407914
0.461998,0,0,1.831,0.031957,-0.400149
0.462998,0,0,1.831,0.031957,-0.392433
0.463998,0,0,1.831,0.031957,-0.384767
0.464998,0,0,1.831,0.031957,-0.377153
0.465998,0,0,1.831,0.031957,-0.369591
0.466998,0,0,1.831,0.031957,-0.362082
0.467998,0,0,1.831,0.031957,-0.354628
0.468998,0,0,1.831,0.031957,-0.347228
0.469997,0,0,1.831,0.031957,-0.339885
0.470997,0,0,1.831,0.031957,-0.332598
0.471997,0,0,1.831,0.031957,-0.325369
0.472997,0,0,1.831,0.031957,-0.3182
0.473997,0,0,1.831,0.031957,-0.31109
0.474997,0,0,1.831,0.031957,-0.30404
0.475997,0,0,1.831,0.031957,-0.297052
0.476997,0,0,1.831,0.031957,-0.290127
0.477997,0,0,1.831,0.031957,-0.283265
0.478997,0,0,1.831,0.031957,-0.276467
0.479997,0,0,1.831,0.031957,-0.269735
0.480997,0,0,1.831,0.031957,-0.263068
0.481997,0,0,1.831,0.031957,-0.256468
0.482997,0,0,1.831,0.031957,-0.249936
0.483997,0,0,1.831,0.031957,-0.243472
0.484997,0,0,1.831,0.031957,-0.237078
0.485997,0,0,1.831,0.031957,-0.230753
0.486997,0,0,1.831,0.031957,-0.2245
0.487997,0,0,1.831,0.031957,-0.218318
0.488997,0,0,1.831,0.031957,-0.212209
0.489997,0,0,1.831,0.031957,-0.206173
0.490997,0,0,1.831,0.031957,-0.200212
0.491997,0,0,1.831,0.031957,-0.194325
0.492997,0,0,1.831,0.031957,-0.188514
0.493997,0,0,1.831,0.031957,-0.182779
0.494997,0,0,1.831,0.031957,-0.177121
0.495997,0,0,1.831,0.031957,-0.171541
0.496997,0,0,1.831,0.031957,-0.166039
0.497997,0,0,1.831,0.031957,-0.160617
0.498997,0,0,1.831,0.031957,-0.155275
0.499997,0,0,1.831,0.031957,-0.150013
0.500997,0,0,1.831,0.031957,-0.144832
0.501997,0,0,1.831,0.031957,-0.139734
0.502997,0,0,1.831,0.031957,-0.134718
0.503997,0,0,1.831,0.031957,-0.129785
0.504997,0,0,1.831,0.031957,-0.124936
0.505997,0,0,1.831,0.031957,-0.120172
0.506997,0,0,1.831,0.031957,-0.115492
0.507997,0,0,1.831,0.031957,-0.110899
0.508997,0,0,1.831,0.031957,-0.106391
0.509997,0,0,1.831,0.031957,-0.101971
0.510997,0,0,1.831,0.031957,-0.0976375
0.511997,0,0,1.831,0.031957,-0.0933923
0.512997,0,0,1.831,0.031957,-0.0892357
0.513997,0,0,1.831,0.031957,-0.0851681
0.514997,0,0,1.831,0.031957,-0.08119
0.515997,0,0,1.831,0.031957,-0.0773021
0.516997,0,0,1.831,0.031957,-0.0735047
0.517997,0,0,1.831,0.031957,-0.0697983
0.518997,0,0,1.831,0.031957,-0.0661835
0.519997,0,0,1.831,0.031957,-0.0626607
0.520997,0,0,1.831,0.031957,-0.0592303
0.521997,0,0,1.831,0.031957,-0.0558928
0.522997,0,0,1.831,0.031957,-0.0526486
0.523997,0,0,1.831,0.031957,-0.0494981
0.524997,0,0,1.831,0.031957,-0.0464418
0.525997,0,0,1.831,0.031957,-0.04348
0.526997,0,0,1.831,0.031957,-0.040613
0.527997,0,0,1.831,0.031957,-0.0378413
0.528997,0,0,1.831,0.031957,-0.0351653
0.529997,0,0,1.831,0.031957,-0.0325852
0.530997,0,0,1.831,0.031957,-0.0301014
0.531997,0,0,1.831,0.031957,-0.0277142
0.532997,0,0,1.831,0.031957,-0.0254239
0.533997,0,0,1.831,0.031957,-0.0232308
0.534997,0,0,1.831,0.031957,-0.0211352
0.535997,0,0,1.831,0.031957,-0.0191374
0.536997,0,0,1.831,0.031957,-0.0172375
0.537997,0,0,1.831,0.031957,-0.0154359
0.538997,0,0,1.831,0.031957,-0.0137328
0.539997,0,0,1.831,0.031957,-0.0121284
0.540997,0,0,1.831,0.031957,-0.0106229
0.541997,0,0,1.831,0.031957,-0.00921653
0.542997,0,0,1.831,0.031957,-0.00790941
0.543997,0,0,1.831,0.031957,-0.00670173
0.544997,0,0,1.831,0.031957,-0.00559366
0.545997,0,0,1.831,0.031957,-0.00458532
0.546997,0,0,1.831,0.031957,-0.00367685
0.547997,0,0,1.831,0.031957,-0.00286837
0.548997,0,0,1.831,0.031957,-0.00215998
0.549996,0,0,1.831,0.031957,-0.00155177
0.550996,0,0,1.831,0.031957,-0.00104382
0.551996,0,0,1.831,0.031957,-0.000636194
0.552996,0,0,1.831,0.031957,-0.000328941
0.553996,0,0,1.831,0.031957,-0.000122102
0.554996,0,0,1.831,0.031957,-1.57044e-05
0.555996,0,0,1.831,0.031957,-9.76152e-06
0.556996,0,0,1.831,0.031957,-0.000104274
0.557996,0,0,1.831,0.031957,-0.00029923
0.558996,0,0,1.831,0.031957,-0.000594604
0.559996,0,0,1.831,0.031957,-0.000990359
0.560996,0,0,1.831,0.031957,-0.00148644
0.561996,0,0,1.831,0.031957,-0.0020828
0.562996,0,0,1.831,0.031957,-0.00277934
0.563996,0,0,1.831,0.031957,-0.00357598
0.564996,0,0,1.831,0.031957,-0.00447262
0.565996,0,0,1.831,0.031957,-0.00546915
0.566996,0,0,1.831,0.031957,-0.00656543
0.567996,0,0,1.831,0.031957,-0.00776133
0.568996,0,0,1.831,0.031957,-0.0090567
0.569996,0,0,1.831,0.031957,-0.0104514
0.570996,0,0,1.831,0.031957,-0.0119451
0.571996,0,0,1.831,0.031957,-0.0135379
0.572996,0,0,1.831,0.031957,-0.0152293
0.573996,0,0,1.831,0.031957,-0.0170192
0.574996,0,0,1.831,0.031957,-0.0189075
0.575996,0,0,1.831,0.031957,-0.0208937
0.576996,0,0,1.831,0.031957,-0.0229778
0.577996,0,0,1.831,0.031957,-0.0251593
0.578996,0,0,1.831,0.031957,-0.0274381
0.579996,0,0,1.831,0.031957,-0.0298139
0.580996,0,0,1.831,0.031957,-0.0322863
0.581996,0,0,1.831,0.031957,-0.034855
0.582996,0,0,1.831,0.031957,-0.0375197
0.583996,0,0,1.831,0.031957,-0.0402801
0.584996,0,0,1.831,0.031957,-0.0431358
0.585996,0,0,1.831,0.031957,-0.0460864
0.586996,0,0,1.831,0.031957,-0.0491316
0.587996,0,0,1.831,0.031957,-0.052271
0.588996,0,0,1.831,0.031957,-0.0555041
0.589996,0,0,1.831,0.031957,-0.0588306
0.590996,0,0,1.831,0.031957,-0.06225
0.591996,0,0,1.831,0.031957,-0.0657619
0.592996,0,0,1.831,0.031957,-0.0693659
0.593996,0,0,1.831,0.031957,-0.0730614
0.594996,0,0,1.831,0.031957,-0.076848
0.595996,0,0,1.831,0.031957,-0.0807253
0.596996,0,0,1.831,0.031957,-0.0846927
0.597996,0,0,1.831,0.031957,-0.0887498
0.598996,0,0,1.831,0.031957,-0.0928959
0.599996,0,0,1.831,0.031957,-0.0971306
0.600996,0,0,1.831,0.031957,-0.101453
0.601996,0,0,1.831,0.031957,-0.105864
0.602996,0,0,1.831,0.031957,-0.110361
0.603996,0,0,1.831,0.031957,-0.114944
0.604996,0,0,1.831,0.031957,-0.119613
0.605996,0,0,1.831,0.031957,-0.124368
0.606996,0,0,1.831,0.031957,-0.129207
0.607996,0,0,1.831,0.031957,-0.13413
0.608996,0,0,1.831,0.031957,-0.139136
0.609996,0,0,1.831,0.031957,-0.144225
0.610996,0,0,1.831,0.031957,-0.149396
0.611996,0,0,1.831,0.031957,-0.154648
0.612996,0,0,1.831,0.031957,-0.159981
0.613996,0,0,1.831,0.031957,-0.165394
0.614996,0,0,1.831,0.031957,-0.170886
0.615996,0,0,1.831,0.031957,-0.176456
0.616996,0,0,1.831,0.031957,-0.182105
0.617996,0,0,1.831,0.031957,-0.187831
0.618996,0,0,1.831,0.031957,-0.193633
0.619996,0,0,1.831,0.031957,-0.199511
0.620996,0,0,1.831,0.031957,-0.205464
0.621996,0,0,1.831,0.031957,-0.211491
0.622996,0,0,1.831,0.031957,-0.217592
0.623996,0,0,1.831,0.031957,-0.223765
0.624996,0,0,1.831,0.031957,-0.23001
0.625996,0,0,1.831,0.031957,-0.236325
0.626996,0,0,1.831,0.031957,-0.242712
0.627995,0,0,1.831,0.031957,-0.249167
0.628995,0,0,1.831,0.031957,-0.255691
0.629995,0,0,1.831,0.031957,-0.262283
0.630995,0,0,1.831,0.031957,-0.268942
0.631995,0,0,1.831,0.031957,-0.275667
0.632995,0,0,1.831,0.031957,-0.282457
0.633995,0,0,1.831,0.031957,-0.289312
0.634995,0,0,1.831,0.031957,-0.29623
0.635995,0,0,1.831,0.031957,-0.30321
0.636995,0,0,1.831,0.031957,-0.310252
0.637995,0,0,1.831,0.031957,-0.317355
0.638995,0,0,1.831,0.031957,-0.324518
0.639995,0,0,1.831,0.031957,-0.33174
0.640995,0,0,1.831,0.031957,-0.339019
0.641995,0,0,1.831,0.031957,-0.346356
0.642995,0,0,1.831,0.031957,-0.353749
0.643995,0,0,1.831,0.031957,-0.361197
0.644995,0,0,1.831,0.031957,-0.3687
0.645995,0,0,1.831,0.031957,-0.376256
0.646995,0,0,1.831,0.031957,-0.383864
0.647995,0,0,1.831,0.031957,-0.391523
0.648995,0,0,1.831,0.031957,-0.399233
0.649995,0,0,1.831,0.031957,-0.406992
0.650995,0,0,1.831,0.031957,-0.4148
0.651995,0,0,1.831,0.031957,-0.422655
0.652995,0,0,1.831,0.031957,-0.430556
0.653995,0,0,1.831,0.031957,-0.438503
0.654995,0,0,1.831,0.031957,-0.446494
0.655995,0,0,1.831,0.031957,-0.454529
0.656995,0,0,1.831,0.031957,-0.462606
0.657995,0,0,1.831,0.031957,-0.470724
0.658995,0,0,1.831,0.031957,-0.478882
0.659995,0,0,1.831,0.031957,-0.48708
0.660995,0,0,1.831,0.031957,-0.495315
0.661995,0,0,1.831,0.031957,-0.503588
0.662995,0,0,1.831,0.031957,-0.511897
0.663995,0,0,1.831,0.031957,-0.520241
0.664995,0,0,1.831,0.031957,-0.528619
0.665995,0,0,1.831,0.031957,-0.537029
0.666995,0,0,1.831,0.031957,-0.545472
0.667995,0,0,1.831,0.031957,-0.553945
0.668995,0,0,1.831,0.031957,-0.562448
0.669995,0,0,1.831,0.031957,-0.570979
0.670995,0,0,1.831,0.031957,-0.579537
0.671995,0,0,1.831,0.031957,-0.588122
0.672995,0,0,1.831,0.031957,-0.596733
0.673995,0,0,1.831,0.031957,-0.605367
0.674995,0,0,1.831,0.031957,-0.614024
0.675995,0,0,1.831,0.031957,-0.622703
0.676995,0,0,1.831,0.031957,-0.631404
0.677995,0,0,1.831,0.031957,-0.640123
0.678995,0,0,1.831,0.031957,-0.648862
0.679995,0,0,1.831,0.031957,-0.657618
0.680995,0,0,1.831,0.031957,-0.66639
0.681995,0,0,1.831,0.031957,-0.675177
0.682995,0,0,1.831,0.031957,-0.683979
0.683995,0,0,1.831,0.031957,-0.692793
0.684995,0,0,1.831,0.031957,-0.701619
0.685995,0,0,1.831,0.031957,-0.710456
0.686995,0,0,1.831,0.031957,-0.719303
0.687995,0,0,1.831,0.031957,-0.728158
0.688995,0,0,1.831,0.031957,-0.73702
0.689995,0,0,1.831,0.031957,-0.745889
0.690995,0,0,1.831,0.031957,-0.754763
0.691995,0,0,1.831,0.031957,-0.76364
0.692995,0,0,1.831,0.031957,-0.77252
0.693995,0,0,1.831,0.031957,-0.781402
0.694995,0,0,1.831,0.031957,-0.790285
0.695995,0,0,1.831,0.031957,-0.799167
0.696995,0,0,1.831,0.031957,-0.808047
0.697995,0,0,1.831,0.031957,-0.816924
0.698995,0,0,1.831,0.031957,-0.825797
0.699995,0,0,1.831,0.031957,-0.834665
0.700995,0,0,1.831,0.031957,-0.843527
0.701995,0,0,1.831,0.031957,-0.852381
0.702995,0,0,1.831,0.031957,-0.861227
0.703995,0,0,1.831,0.031957,-0.870063
0.704994,0,0,1.831,0.031957,-0.878888
0.705994,0,0,1.831,0.031957,-0.887701
0.706994,0,0,1.831,0.031957,-0.896501
0.707994,0,0,1.831,0.031957,-0.905287
0.708994,0,0,1.831,0.031957,-0.914058
0.709994,0,0,1.831,0.031957,-0.922812
0.710994,0,0,1.831,0.031957,-0.931548
0.711994,0,0,1.831,0.031957,-0.940266
0.712994,0,0,1.831,0.031957,-0.948964
0.713994,0,0,1.831,0.031957,-0.957641
0.714994,0,0,1.831,0.031957,-0.966297
0.715994,0,0,1.831,0.031957,-0.974929
0.716994,0,0,1.831,0.031957,-0.983536
0.717994,0,0,1.831,0.031957,-0.992119
0.718994,0,0,1.831,0.031957,-1.00067
0.719994,0,0,1.831,0.031957,-1.0092
0.720994,0,0,1.831,0.031957,-1.0177
0.721994,0,0,1.831,0.031957,-1.02617
0.722994,0,0,1.831,0.031957,-1.03461
0.723994,0,0,1.831,0.031957,-1.04302
0.724994,0,0,1.831,0.031957,-1.05139
0.725994,0,0,1.831,0.031957,-1.05973
0.726994,0,0,1.831,0.031957,-1.06804
0.727994,0,0,1.831,0.031957,-1.07631
0.728994,0,0,1.831,0.031957,-1.08454
0.729994,0,0,1.831,0.031957,-1.09273
0.730994,0,0,1.831,0.031957,-1.10089
0.731994,0,0,1.831,0.031957,-1.109
0.732994,0,0,1.831,0.031957,-1.11708
0.733994,0,0,1.831,0.031957,-1.12511
0.734994,0,0,1.831,0.031957,-1.13309
0.735994,0,0,1.831,0.031957,-1.14103
0.736994,0,0,1.831,0.031957,-1.14893
0.737994,0,0,1.831,0.031957,-1.15678
0.738994,0,0,1.831,0.031957,-1.16458
0.739994,0,0,1.831,0.031957,-1.17234
0.740994,0,0,1.831,0.031957,-1.18004
0.741994,0,0,1.831,0.031957,-1.1877
0.742994,0,0,1.831,0.031957,-1.1953
0.743994,0,0,1.831,0.031957,-1.20285
0.744994,0,0,1.831,0.031957,-1.21035
0.745994,0,0,1.831,0.031957,-1.21779
0.746994,0,0,1.831,0.031957,-1.22518
0.747994,0,0,1.831,0.031957,-1.23251
0.748994,0,0,1.831,0.031957,-1.23978
0.749994,0,0,1.831,0.031957,-1.247
0.750994,0,0,1.831,0.031957,-1.25416
0.751994,0,0,1.831,0.031957,-1.26125
0.752994,0,0,1.831,0.031957,-1.26829
0.753994,0,0,1.831,0.031957,-1.27526
0.754994,0,0,1.831,0.031957,-1.28218
0.755994,0,0,1.831,0.031957,-1.28902
0.756994,0,0,1.831,0.031957,-1.29581
0.757994,0,0,1.831,0.031957,-1.30252
0.758994,0,0,1.831,0.031957,-1.30918
0.759994,0,0,1.831,0.031957,-1.31576
0.760994,0,0,1.831,0.031957,-1.32228
0.761994,0,0,1.831,0.031957,-1.32873
0.762994,0,0,1.831,0.031957,-1.33511
0.763994,0,0,1.831,0.031957,-1.34142
0.764994,0,0,1.831,0.031957,-1.34765
0.765994,0,0,1.831,0.031957,-1.35382
0.766994,0,0,1.831,0.031957,-1.35991
0.767994,0,0,1.831,0.031957,-1.36593
0.768994,0,0,1.831,0.031957,-1.37188
0.769994,0,0,1.831,0.031957,-1.37775
0.770994,0,0,1.831,0.031957,-1.38354
0.771994,0,0,1.831,0.031957,-1.38926
0.772994,0,0,1.831,0.031957,-1.3949
0.773994,0,0,1.831,0.031957,-1.40047
0.774994,0,0,1.831,0.031957,-1.40595
0.775994,0,0,1.831,0.031957,-1.41135
0.776994,0,0,1.831,0.031957,-1.41668
0.777994,0,0,1.831,0.031957,-1.42192
0.778994,0,0,1.831,0.031957,-1.42709
0.779994,0,0,1.831,0.031957,-1.43217
0.780994,0,0,1.831,0.031957,-1.43716
0.781994,0,0,1.831,0.031957,-1.44208
0.782993,0,0,1.831,0.031957,-1.44691
0.783993,0,0,1.831,0.031957,-1.45166
0.784993,0,0,1.831,0.031957,-1.45632
0.785993,0,0,1.831,0.031957,-1.46089
0.786993,0,0,1.831,0.031957,-1.46538
0.787993,0,0,1.831,0.031957,-1.46978
0.788993,0,0,1.831,0.031957,-1.47409
0.789993,0,0,1.831,0.031957,-1.47832
0.790993,0,0,1.831,0.031957,-1.48246
0.791993,0,0,1.831,0.031957,-1.48651
0.792993,0,0,1.831,0.031957,-1.49046
0.793993,0,0,1.831,0.031957,-1.49433
0.794993,0,0,1.831,0.031957,-1.49811
0.795993,0,0,1.831,0.031957,-1.5018
0.796993,0,0,1.831,0.031957,-1.50539
0.797993,0,0,1.831,0.031957,-1.50889
0.798993,0,0,1.831,0.031957,-1.5123
0.799993,0,0,1.831,0.031957,-1.51562
0.800993,0,0,1.831,0.031957,-1.51884
0.801993,0,0,1.831,0.031957,-1.52197
0.802993,0,0,1.831,0.031957,-1.52501
0.803993,0,0,1.831,0.031957,-1.52795
0.804993,0,0,1.831,0.031957,-1.5308
0.805993,0,0,1.831,0.031957,-1.53355
0.806993,0,0,1.831,0.031957,-1.5362
0.807993,0,0,1.831,0.031957,-1.53876
0.808993,0,0,1.831,0.031957,-1.54123
0.809993,0,0,1.831,0.031957,-1.54359
0.810993,0,0,1.831,0.031957,-1.54586
0.811993,0,0,1.831,0.031957,-1.54803
0.812993,0,0,1.831,0.031957,-1.55011
0.813993,0,0,1.831,0.031957,-1.55208
0.814993,0,0,1.831,0.031957,-1.55396
0.815993,0,0,1.831,0.031957,-1.55574
0.816993,0,0,1.831,0.031957,-1.55742
0.817993,0,0,1.831,0.031957,-1.55901
0.818993,0,0,1.831,0.031957,-1.56049
0.819993,0,0,1.831,0.031957,-1.56187
0.820993,0,0,1.831,0.031957,-1.56316
0.821993,0,0,1.831,0.031957,-1.56435
0.822993,0,0,1.831,0.031957,-1.56543
0.823993,0,0,1.831,0.031957,-1.56642
0.824993,0,0,1.831,0.031957,-1.5673
0.825993,0,0,1.831,0.031957,-1.56809
0.826993,0,0,1.831,0.031957,-1.56878
0.827993,0,0,1.831,0.031957,-1.56936
0.828993,0,0,1.831,0.031957,-1.56985
0.829993,0,0,1.831,0.031957,-1.57024
0.830993,0,0,1.831,0.031957,-1.57052
0.831993,0,0,1.831,0.031957,-1.57071
0.832993,0,0,1.831,0.031957,-1.57079
0.833993,0,0,1.831,0.031957,-1.57077
0.834993,0,0,1.831,0.031957,-1.57066
0.835993,0,0,1.831,0.031957,-1.57044
0.836993,0,0,1.831,0.031957,-1.57012
0.837993,0,0,1.831,0.031957,-1.56971
0.838993,0,0,1.831,0.031957,-1.56919
0.839993,0,0,1.831,0.031957,-1.56857
0.840993,0,0,1.831,0.031957,-1.56785
0.841993,0,0,1.831,0.031957,-1.56703
0.842993,0,0,1.831,0.031957,-1.56611
0.843993,0,0,1.831,0.031957,-1.5651
0.844993,0,0,1.831,0.031957,-1.56398
0.845993,0,0,1.831,0.031957,-1.56276
0.846993,0,0,1.831,0.031957,-1.56144
0.847993,0,0,1.831,0.031957,-1.56003
0.848993,0,0,1.831,0.031957,-1.55851
0.849993,0,0,1.831,0.031957,-1.5569
0.850993,0,0,1.831,0.031957,-1.55518
0.851993,0,0,1.831,0.031957,-1.55337
0.852993,0,0,1.831,0.031957,-1.55146
0.853993,0,0,1.831,0.031957,-1.54946
0.854993,0,0,1.831,0.031957,-1.54735
0.855993,0,0,1.831,0.031957,-1.54515
0.856993,0,0,1.831,0.031957,-1.54285
0.857993,0,0,1.831,0.031957,-1.54045
0.858993,0,0,1.831,0.031957,-1.53796
0.859993,0,0,1.831,0.031957,-1.53537
0.860992,0,0,1.831,0.031957,-1.53268
0.861992,0,0,1.831,0.031957,-1.5299
0.862992,0,0,1.831,0.031957,-1.52702
0.863992,0,0,1.831,0.031957,-1.52405
0.864992,0,0,1.831,0.031957,-1.52099
0.865992,0,0,1.831,0.031957,-1.51783
0.866992,0,0,1.831,0.031957,-1.51457
0.867992,0,0,1.831,0.031957,-1.51123
0.868992,0,0,1.831,0.031957,-1.50779
0.869992,0,0,1.831,0.031957,-1.50425
0.870992,0,0,1.831,0.031957,-1.50063
0.871992,0,0,1.831,0.031957,-1.49691
0.872992,0,0,1.831,0.031957,-1.49311
0.873992,0,0,1.831,0.031957,-1.48921
0.874992,0,0,1.831,0.031957,-1.48522
0.875992,0,0,1.831,0.031957,-1.48115
0.876992,0,0,1.831,0.031957,-1.47698
0.877992,0,0,1.831,0.031957,-1.47273
0.878992,0,0,1.831,0.031957,-1.46839
0.879992,0,0,1.831,0.031957,-1.46396
0.880992,0,0,1.831,0.031957,-1.45944
0.881992,0,0,1.831,0.031957,-1.45484
0.882992,0,0,1.831,0.031957,-1.45015
0.883992,0,0,1.831,0.031957,-1.44538
0.884992,0,0,1.831,0.031957,-1.44052
0.885992,0,0,1.831,0.031957,-1.43558
0.886992,0,0,1.831,0.031957,-1.43055
0.887992,0,0,1.831,0.031957,-1.42545
0.888992,0,0,1.831,0.031957,-1.42026
0.889992,0,0,1.831,0.031957,-1.41499
0.890992,0,0,1.831,0.031957,-1.40964
0.891992,0,0,1.831,0.031957,-1.40421
0.892992,0,0,1.831,0.031957,-1.3987
0.893992,0,0,1.831,0.031957,-1.39311
0.894992,0,0,1.831,0.031957,-1.38745
0.895992,0,0,1.831,0.031957,-1.3817
0.896992,0,0,1.831,0.031957,-1.37588
0.897992,0,0,1.831,0.031957,-1.36999
0.898992,0,0,1.831,0.031957,-1.36402
0.899992,0,0,1.831,0.031957,-1.35798
0.900992,0,0,1.831,0.031957,-1.35186
0.901992,0,0,1.831,0.031957,-1.34567
0.902992,0,0,1.831,0.031957,-1.33941
0.903992,0,0,1.831,0.031957,-1.33308
0.904992,0,0,1.831,0.031957,-1.32668
0.905992,0,0,1.831,0.031957,-1.32021
0.906992,0,0,1.831,0.031957,-1.31367
0.907992,0,0,1.831,0.031957,-1.30706
0.908992,0,0,1.831,0.031957,-1.30039
0.909992,0,0,1.831,0.031957,-1.29365
0.910992,0,0,1.831,0.031957,-1.28685
0.911992,0,0,1.831,0.031957,-1.27998
0.912992,0,0,1.831,0.031957,-1.27305
0.913992,0,0,1.831,0.031957,-1.26605
0.914992,0,0,1.831,0.031957,-1.259
0.915992,0,0,1.831,0.031957,-1.25188
0.916992,0,0,1.831,0.031957,-1.2447
0.917992,0,0,1.831,0.031957,-1.23747
0.918992,0,0,1.831,0.031957,-1.23018
0.919992,0,0,1.831,0.031957,-1.22283
0.920992,0,0,1.831,0.031957,-1.21542
0.921992,0,0,1.831,0.031957,-1.20796
0.922992,0,0,1.831,0.031957,-1.20045
0.923992,0,0,1.831,0.031957,-1.19288
0.924992,0,0,1.831,0.031957,-1.18526
0.925992,0,0,1.831,0.031957,-1.17759
0.926992,0,0,1.831,0.031957,-1.16987
0.927992,0,0,1.831,0.031957,-1.1621
0.928992,0,0,1.831,0.031957,-1.15428
0.929992,0,0,1.831,0.031957,-1.14642
0.930992,0,0,1.831,0.031957,-1.13851
0.931992,0,0,1.831,0.031957,-1.13055
0.932992,0,0,1.831,0.031957,-1.12255
0.933992,0,0,1.831,0.031957,-1.11451
0.934992,0,0,1.831,0.031957,-1.10642
0.935992,0,0,1.831,0.031957,-1.09829
0.936992,0,0,1.831,0.031957,-1.09013
0.937991,0,0,1.831,0.031957,-1.08192
0.938991,0,0,1.831,0.031957,-1.07368
0.939991,0,0,1.831,0.031957,-1.06539
0.940991,0,0,1.831,0.031957,-1.05708
0.941991,0,0,1.831,0.031957,-1.04873
0.942991,0,0,1.831,0.031957,-1.04034
0.943991,0,0,1.831,0.031957,-1.03192
0.944991,0,0,1.831,0.031957,-1.02347
0.945991,0,0,1.831,0.031957,-1.01499
0.946991,0,0,1.831,0.031957,-1.00649
0.947991,0,0,1.831,0.031957,-0.997949
0.948991,0,0,1.831,0.031957,-0.989384
0.949991,0,0,1.831,0.031957,-0.980794
0.950991,0,0,1.831,0.031957,-0.972178
0.951991,0,0,1.831,0.031957,-0.963539
0.952991,0,0,1.831,0.031957,-0.954876
0.953991,0,0,1.831,0.031957,-0.946192
0.954991,0,0,1.831,0.031957,-0.937488
0.955991,0,0,1.831,0.031957,-0.928764
0.956991,0,0,1.831,0.031957,-0.920022
0.957991,0,0,1.831,0.031957,-0.911262
0.958991,0,0,1.831,0.031957,-0.902487
0.959991,0,0,1.831,0.031957,-0.893696
0.960991,0,0,1.831,0.031957,-0.884892
0.961991,0,0,1.831,0.031957,-0.876074
0.962991,0,0,1.831,0.031957,-0.867246
0.963991,0,0,1.831,0.031957,-0.858407
0.964991,0,0,1.831,0.031957,-0.849558
0.965991,0,0,1.831,0.031957,-0.840701
0.966991,0,0,1.831,0.031957,-0.831837
0.967991,0,0,1.831,0.031957,-0.822968
0.968991,0,0,1.831,0.031957,-0.814093
0.969991,0,0,1.831,0.031957,-0.805215
0.970991,0,0,1.831,0.031957,-0.796334
0.971991,0,0,1.831,0.031957,-0.787452
0.972991,0,0,1.831,0.031957,-0.778569
0.973991,0,0,1.831,0.031957,-0.769688
0.974991,0,0,1.831,0.031957,-0.760808
0.975991,0,0,1.831,0.031957,-0.751932
0.976991,0,0,1.831,0.031957,-0.74306
0.977991,0,0,1.831,0.031957,-0.734193
0.978991,0,0,1.831,0.031957,-0.725333
0.979991,0,0,1.831,0.031957,-0.71648
0.980991,0,0,1.831,0.031957,-0.707637
0.981991,0,0,1.831,0.031957,-0.698803
0.982991,0,0,1.831,0.031957,-0.68998
0.983991,0,0,1.831,0.031957,-0.68117
0.984991,0,0,1.831,0.031957,-0.672373
0.985991,0,0,1.831,0.031957,-0.66359
0.986991,0,0,1.831,0.031957,-0.654823
0.987991,0,0,1.831,0.031957,-0.646073
0.988991,0,0,1.831,0.031957,-0.63734
0.989991,0,0,1.831,0.031957,-0.628627
0.990991,0,0,1.831,0.031957,-0.619933
0.991991,0,0,1.831,0.031957,-0.611261
0.992991,0,0,1.831,0.031957,-0.60261
0.993991,0,0,1.831,0.031957,-0.593984
0.994991,0,0,1.831,0.031957,-0.585381
0.995991,0,0,1.831,0.031957,-0.576805
0.996991,0,0,1.831,0.031957,-0.568255
0.997991,0,0,1.831,0.031957,-0.559732
0.998991,0,0,1.831,0.031957,-0.551239
0.999991,0,0,1.831,0.031957,-0.542776
1.00099,0,0,1.831,0.031957,-0.534343
1.00199,0,0,1.831,0.031957,-0.525942
1.00299,0,0,1.831,0.031957,-0.517574
1.00399,0,0,1.831,0.031957,-0.509241
1.00499,0,0,1.831,0.031957,-0.500943
1.00599,0,0,1.831,0.031957,-0.492682
1.00699,0,0,1.831,0.031957,-0.484457
1.00799,0,0,1.831,0.031957,-0.476272
1.00899,0,0,1.831,0.031957,-0.468126
1.00999,0,0,1.831,0.031957,-0.46002
1.01099,0,0,1.831,0.031957,-0.451956
1.01199,0,0,1.831,0.031957,-0.443935
1.01299,0,0,1.831,0.031957,-0.435957
1.01399,0,0,1.831,0.031957,-0.428025
1.01499,0,0,1.831,0.031957,-0.420137
1.01599,0,0,1.831,0.031957,-0.412297
1.01699,0,0,1.831,0.031957,-0.404504
1.01799,0,0,1.831,0.031957,-0.39676
1.01899,0,0,1.831,0.031957,-0.389066
1.01999,0,0,1.831,0.031957,-0.381422
1.02099,0,0,1.831,0.031957,-0.37383
1.02199,0,0,1.831,0.031957,-0.366291
1.02299,0,0,1.831,0.031957,-0.358806
1.02399,0,0,1.831,0.031957,-0.351375
1.02499,0,0,1.831,0.031957,-0.343999
1.02599,0,0,1.831,0.031957,-0.33668
1.02699,0,0,1.831,0.031957,-0.329418
1.02799,0,0,1.831,0.031957,-0.322215
1.02899,0,0,1.831,0.031957,-0.315071
1.02999,0,0,1.831,0.031957,-0.307987
1.03099,0,0,1.831,0.031957,-0.300964
1.03199,0,0,1.831,0.031957,-0.294003
1.03299,0,0,1.831,0.031957,-0.287105
1.03399,0,0,1.831,0.031957,-0.280271
1.03499,0,0,1.831,0.031957,-0.273501
1.03599,0,0,1.831,0.031957,-0.266797
1.03699,0,0,1.831,0.031957,-0.260159
1.03799,0,0,1.831,0.031957,-0.253588
1.03899,0,0,1.831,0.031957,-0.247086
1.03999,0,0,1.831,0.031957,-0.240652
1.04099,0,0,1.831,0.031957,-0.234288
1.04199,0,0,1.831,0.031957,-0.227994
1.04299,0,0,1.831,0.031957,-0.221772
1.04399,0,0,1.831,0.031957,-0.215622
1.04499,0,0,1.831,0.031957,-0.209545
1.04599,0,0,1.831,0.031957,-0.203541
1.04699,0,0,1.831,0.031957,-0.197612
1.04799,0,0,1.831,0.031957,-0.191758
1.04899,0,0,1.831,0.031957,-0.18598
1.04999,0,0,1.831,0.031957,-0.180278
1.05099,0,0,1.831,0.031957,-0.174654
1.05199,0,0,1.831,0.031957,-0.169108
1.05299,0,0,1.831,0.031957,-0.163641
1.05399,0,0,1.831,0.031957,-0.158254
1.05499,0,0,1.831,0.031957,-0.152947
1.05599,0,0,1.831,0.031957,-0.14772
1.05699,0,0,1.831,0.031957,-0.142575
1.05799,0,0,1.831,0.031957,-0.137513
1.05899,0,0,1.831,0.031957,-0.132533
1.05999,0,0,1.831,0.031957,-0.127637
1.06099,0,0,1.831,0.031957,-0.122825
1.06199,0,0,1.831,0.031957,-0.118098
1.06299,0,0,1.831,0.031957,-0.113456
1.06399,0,0,1.831,0.031957,-0.1089
1.06499,0,0,1.831,0.031957,-0.10443
1.06599,0,0,1.831,0.031957,-0.100048
1.06699,0,0,1.831,0.031957,-0.0957534
1.06799,0,0,1.831,0.031957,-0.091547
1.06899,0,0,1.831,0.031957,-0.0874293
1.06999,0,0,1.831,0.031957,-0.083401
1.07099,0,0,1.831,0.031957,-0.0794624
1.07199,0,0,1.831,0.031957,-0.0756141
1.07299,0,0,1.831,0.031957,-0.0718566
1.07399,0,0,1.831,0.031957,-0.0681904
1.07499,0,0,1.831,0.031957,-0.064616
1.07599,0,0,1.831,0.031957,-0.0611337
1.07699,0,0,1.831,0.031957,-0.0577441
1.07799,0,0,1.831,0.031957,-0.0544476
1.07899,0,0,1.831,0.031957,-0.0512446
1.07999,0,0,1.831,0.031957,-0.0481355
1.08099,0,0,1.831,0.031957,-0.0451207
1.08199,0,0,1.831,0.031957,-0.0422006
1.08299,0,0,1.831,0.031957,-0.0393756
1.08399,0,0,1.831,0.031957,-0.036646
1.08499,0,0,1.831,0.031957,-0.0340122
1.08599,0,0,1.831,0.031957,-0.0314745
1.08699,0,0,1.831,0.031957,-0.0290332
1.08799,0,0,1.831,0.031957,-0.0266887
1.08899,0,0,1.831,0.031957,-0.0244413
1.08999,0,0,1.831,0.031957,-0.0222912
1.09099,0,0,1.831,0.031957,-0.0202387
1.092,0,0,1.831,0.031957,-0.0182841
1.093,0,0,1.831,0.031957,-0.0164276
1.094,0,0,1.831,0.031957,-0.0146695
1.095,0,0,1.831,0.031957,-0.01301
1.096,0,0,1.831,0.031957,-0.0114493
1.097,0,0,1.831,0.031957,-0.0099876
1.098,0,0,1.831,0.031957,-0.00862508
1.099,0,0,1.831,0.031957,-0.00736193
1.1,0,0,1.831,0.031957,-0.00619831
1.101,0,0,1.831,0.031957,-0.00513436
1.102,0,0,1.831,0.031957,-0.00417023
1.103,0,0,1.831,0.031957,-0.00330603
1.104,0,0,1.831,0.031957,-0.00254187
1.105,0,0,1.831,0.031957,-0.00187786
1.106,0,0,1.831,0.031957,-0.00131408
1.107,0,0,1.831,0.031957,-0.000850596
1.108,0,0,1.831,0.031957,-0.000487474
1.109,0,0,1.831,0.031957,-0.000224759
1.11,0,0,1.831,0.031957,-6.24827e-05
1.111,0,0,1.831,0.031957,-6.67484e-07
