step_index,time_seconds,target_joint_1,target_joint_2,target_joint_3,qpos_joint_1,qpos_joint_2,qpos_joint_3
0,0.0,0.006,-0.009333333333333334,0.012,0.006,-0.009333333333333334,0.012
1,0.02,0.012,-0.018666666666666668,0.024,0.012,-0.018666666666666668,0.024
2,0.04,0.018000000000000002,-0.027999999999999997,0.036000000000000004,0.018000000000000002,-0.027999999999999997,0.036000000000000004
3,0.06,0.024,-0.037333333333333336,0.048,0.024,-0.037333333333333336,0.048
4,0.08,0.03,-0.04666666666666666,0.06,0.03,-0.04666666666666666,0.06
5,0.1,0.036000000000000004,-0.055999999999999994,0.07200000000000001,0.036000000000000004,-0.055999999999999994,0.07200000000000001
6,0.12,0.042,-0.06533333333333333,0.084,0.042,-0.06533333333333333,0.084
7,0.14,0.048,-0.07466666666666667,0.096,0.048,-0.07466666666666667,0.096
8,0.16,0.054,-0.08399999999999999,0.108,0.054,-0.08399999999999999,0.108
9,0.18,0.06,-0.09333333333333332,0.12,0.06,-0.09333333333333332,0.12
10,0.2,0.066,-0.10266666666666666,0.132,0.066,-0.10266666666666666,0.132
11,0.22,0.07200000000000001,-0.11199999999999999,0.14400000000000002,0.07200000000000001,-0.11199999999999999,0.14400000000000002
12,0.24,0.078,-0.12133333333333333,0.156,0.078,-0.12133333333333333,0.156
13,0.26,0.084,-0.13066666666666665,0.168,0.084,-0.13066666666666665,0.168
14,0.28,0.09000000000000001,-0.13999999999999999,0.18000000000000002,0.09000000000000001,-0.13999999999999999,0.18000000000000002
15,0.3,0.096,-0.14933333333333335,0.192,0.096,-0.14933333333333335,0.192
16,0.32,0.102,-0.15866666666666665,0.204,0.102,-0.15866666666666665,0.204
17,0.34,0.108,-0.16799999999999998,0.216,0.108,-0.16799999999999998,0.216
18,0.36,0.11400000000000002,-0.17733333333333334,0.22800000000000004,0.11400000000000002,-0.17733333333333334,0.22800000000000004
19,0.38,0.12,-0.18666666666666665,0.24,0.12,-0.18666666666666665,0.24
20,0.4,0.12600000000000003,-0.196,0.25200000000000006,0.12600000000000003,-0.196,0.25200000000000006
21,0.42,0.132,-0.2053333333333333,0.264,0.132,-0.2053333333333333,0.264
22,0.44,0.13799999999999998,-0.21466666666666664,0.27599999999999997,0.13799999999999998,-0.21466666666666664,0.27599999999999997
23,0.46,0.14400000000000002,-0.22399999999999998,0.28800000000000003,0.14400000000000002,-0.22399999999999998,0.28800000000000003
24,0.48,0.15,-0.2333333333333333,0.3,0.15,-0.2333333333333333,0.3
25,0.5,0.156,-0.24266666666666667,0.312,0.156,-0.24266666666666667,0.312
26,0.52,0.162,-0.252,0.324,0.162,-0.252,0.324
27,0.54,0.168,-0.2613333333333333,0.336,0.168,-0.2613333333333333,0.336
28,0.56,0.174,-0.27066666666666667,0.348,0.174,-0.27066666666666667,0.348
29,0.58,0.18000000000000002,-0.27999999999999997,0.36000000000000004,0.18000000000000002,-0.27999999999999997,0.36000000000000004
30,0.6,0.186,-0.28933333333333333,0.372,0.186,-0.28933333333333333,0.372
31,0.62,0.192,-0.2986666666666667,0.384,0.192,-0.2986666666666667,0.384
32,0.64,0.198,-0.308,0.396,0.198,-0.308,0.396
33,0.66,0.204,-0.3173333333333333,0.408,0.204,-0.3173333333333333,0.408
34,0.68,0.21000000000000002,-0.32666666666666666,0.42000000000000004,0.21000000000000002,-0.32666666666666666,0.42000000000000004
35,0.7000000000000001,0.216,-0.33599999999999997,0.432,0.216,-0.33599999999999997,0.432
36,0.72,0.222,-0.3453333333333333,0.444,0.222,-0.3453333333333333,0.444
37,0.74,0.22800000000000004,-0.3546666666666667,0.45600000000000007,0.22800000000000004,-0.3546666666666667,0.45600000000000007
38,0.76,0.234,-0.364,0.468,0.234,-0.364,0.468
39,0.78,0.24,-0.3733333333333333,0.48,0.24,-0.3733333333333333,0.48
40,0.8,0.246,-0.3826666666666666,0.492,0.246,-0.3826666666666666,0.492
41,0.8200000000000001,0.25200000000000006,-0.392,0.5040000000000001,0.25200000000000006,-0.392,0.5040000000000001
42,0.84,0.258,-0.4013333333333333,0.516,0.258,-0.4013333333333333,0.516
43,0.86,0.264,-0.4106666666666666,0.528,0.264,-0.4106666666666666,0.528
44,0.88,0.27,-0.42,0.54,0.27,-0.42,0.54
45,0.9,0.27599999999999997,-0.4293333333333333,0.5519999999999999,0.27599999999999997,-0.4293333333333333,0.5519999999999999
46,0.92,0.28200000000000003,-0.43866666666666665,0.5640000000000001,0.28200000000000003,-0.43866666666666665,0.5640000000000001
47,0.9400000000000001,0.28800000000000003,-0.44799999999999995,0.5760000000000001,0.28800000000000003,-0.44799999999999995,0.5760000000000001
48,0.96,0.294,-0.4573333333333333,0.588,0.294,-0.4573333333333333,0.588
49,0.98,0.3,-0.4666666666666666,0.6,0.3,-0.4666666666666666,0.6
50,1.0,0.30600000000000005,-0.476,0.6120000000000001,0.30600000000000005,-0.476,0.6120000000000001
51,1.02,0.312,-0.48533333333333334,0.624,0.312,-0.48533333333333334,0.624
52,1.04,0.318,-0.49466666666666664,0.636,0.318,-0.49466666666666664,0.636
53,1.06,0.324,-0.504,0.648,0.324,-0.504,0.648
54,1.08,0.32999999999999996,-0.5133333333333333,0.6599999999999999,0.32999999999999996,-0.5133333333333333,0.6599999999999999
55,1.1,0.336,-0.5226666666666666,0.672,0.336,-0.5226666666666666,0.672
56,1.12,0.342,-0.5319999999999999,0.684,0.342,-0.5319999999999999,0.684
57,1.1400000000000001,0.348,-0.5413333333333333,0.696,0.348,-0.5413333333333333,0.696
58,1.16,0.354,-0.5506666666666666,0.708,0.354,-0.5506666666666666,0.708
59,1.18,0.36000000000000004,-0.5599999999999999,0.7200000000000001,0.36000000000000004,-0.5599999999999999,0.7200000000000001
60,1.2,0.366,-0.5693333333333334,0.732,0.366,-0.5693333333333334,0.732
61,1.22,0.372,-0.5786666666666667,0.744,0.372,-0.5786666666666667,0.744
62,1.24,0.378,-0.588,0.756,0.378,-0.588,0.756
63,1.26,0.384,-0.5973333333333334,0.768,0.384,-0.5973333333333334,0.768
64,1.28,0.39,-0.6066666666666667,0.78,0.39,-0.6066666666666667,0.78
65,1.3,0.396,-0.616,0.792,0.396,-0.616,0.792
66,1.32,0.402,-0.6253333333333333,0.804,0.402,-0.6253333333333333,0.804
67,1.34,0.408,-0.6346666666666666,0.816,0.408,-0.6346666666666666,0.816
68,1.36,0.41400000000000003,-0.644,0.8280000000000001,0.41400000000000003,-0.644,0.8280000000000001
69,1.3800000000000001,0.42000000000000004,-0.6533333333333333,0.8400000000000001,0.42000000000000004,-0.6533333333333333,0.8400000000000001
70,1.4000000000000001,0.426,-0.6626666666666666,0.852,0.426,-0.6626666666666666,0.852
71,1.42,0.432,-0.6719999999999999,0.864,0.432,-0.6719999999999999,0.864
72,1.44,0.43800000000000006,-0.6813333333333333,0.8760000000000001,0.43800000000000006,-0.6813333333333333,0.8760000000000001
73,1.46,0.444,-0.6906666666666667,0.888,0.444,-0.6906666666666667,0.888
74,1.48,0.45,-0.7,0.9,0.45,-0.7,0.9
