step_index,time_seconds,reference_body_name,reference_site_name,reference_kind,tool_frame_enabled,tool_label,world_x,world_y,world_z,base_x,base_y,base_z,flange_x,flange_y,flange_z,tool_x,tool_y,tool_z,tool_offset_world_x,tool_offset_world_y,tool_offset_world_z,target_x,target_y,target_z,tool_error_x,tool_error_y,tool_error_z,tool_error_norm,experiment_case_id,joint_1,joint_2,joint_3
0,0.0,Link3,,body,True,default_tool_frame,0.0,0.0,0.0,0.0,0.0,0.65,0.0012470018928846724,-0.5449023913509059,0.9154612436397183,0.0013028998757922841,-0.5684950555789462,0.4503339674345504,5.5897982907611764e-05,-0.023592664228040273,-0.46512727620516786,0.106287,-0.41627,1.132398,0.10498410012420772,0.15222505557894622,0.6820640325654497,0.7066862623147175,target_1,0.0022944314151939803,-0.011929969272124034,-0.0019280875170528515
1,0.02,Link3,,body,True,default_tool_frame,0.0,0.0,0.0,0.0,0.0,0.65,0.0024888053388728397,-0.5430643813277874,0.9219510732357454,0.0026201574648266556,-0.5713077009716696,0.4570830299781856,0.00013135212595381593,-0.028243319643882166,-0.4648680432575598,0.106287,-0.41627,1.132398,0.10366684253517335,0.15503770097166963,0.6753149700218144,0.7005953266325414,target_1,0.004588862830387961,-0.023859938544248067,-0.003856175034105703
2,0.04,Link3,,body,True,default_tool_frame,0.0,0.0,0.0,0.0,0.0,0.65,0.0037216494164215765,-0.5411462617172363,0.9284185651315545,0.003949777436062468,-0.5740371649070837,0.4638562588205897,0.00022812801964089134,-0.03289090318984731,-0.46456230631096485,0.106287,-0.41627,1.132398,0.10233722256393754,0.1577671649070837,0.6685417411794103,0.6944864614548779,target_1,0.006883294245581941,-0.035789907816372105,-0.005784262551158555
3,0.06,Link3,,body,True,default_tool_frame,0.0,0.0,0.0,0.0,0.0,0.65,0.004944998241793316,-0.5391483377570627,0.9348627988562257,0.0052911994026645605,-0.5766832143718381,0.47065270290583616,0.000346201160871244,-0.03753487661477534,-0.46421009595038953,0.106287,-0.41627,1.132398,0.10099580059733544,0.16041321437183814,0.6617452970941639,0.6883599271526817,target_1,0.009177725660775921,-0.047719877088496135,-0.007712350068211406
4,0.08,Link3,,body,True,default_tool_frame,0.0,0.0,0.0,0.0,0.0,0.65,0.0061583186640745795,-0.5370709280757819,0.9412828572490044,0.00664386122332836,-0.5792456302081674,0.4774714098391031,0.0004855425592537811,-0.04217470213238548,-0.4638114474099013,0.106287,-0.41627,1.132398,0.09964313877667165,0.16297563020816747,0.6549265901608969,0.6822159846022342,target_1,0.0114721570759699,-0.05964984636062017,-0.009640437585264257
5,0.1,Link3,,body,True,default_tool_frame,0.0,0.0,0.0,0.0,0.0,0.65,0.007361080399569071,-0.5349143646360968,0.947677826589836,0.008007199141717311,-0.5817242071289195,0.4843114260207311,0.0006461187421482398,-0.04680984249282272,-0.46336640056910494,0.106287,-0.41627,1.132398,0.0982798008582827,0.1654542071289195,0.6480865739792689,0.6760548951716787,target_1,0.013766588491163882,-0.07157981563274421,-0.01156852510231711
6,0.12,Link3,,body,True,default_tool_frame,0.0,0.0,0.0,0.0,0.0,0.65,0.008552756165529208,-0.5326789926759344,0.9540467967294071,0.00938064792599292,-0.5841187537300642,0.4911717967802556,0.0008278917604637118,-0.05143976105412977,-0.4628749999491515,0.106287,-0.41627,1.132398,0.09690635207400708,0.1678487537300642,0.6412262032197444,0.6698769207075552,target_1,0.01606101990635786,-0.08350978490486824,-0.013496612619369961
7,0.14,Link3,,body,True,default_tool_frame,0.0,0.0,0.0,0.0,0.0,0.65,0.009732821813203549,-0.5303651706470516,0.9603888612186818,0.010763641008410946,-0.5864290925006854,0.498051566510396,0.0010308191952073972,-0.056063921853633895,-0.46233729470828583,0.106287,-0.41627,1.132398,0.09552335899158906,0.17015909250068545,0.6343464334896041,0.6636823235213316,target_1,0.018355451321551843,-0.09543975417699227,-0.015424700136422812
8,0.16,Link3,,body,True,default_tool_frame,0.0,0.0,0.0,0.0,0.0,0.65,0.010900756460164713,-0.5279732701512218,0.9667031174379096,0.0121556106249519,-0.5886550598304576,0.5049497788009811,0.001254854164787188,-0.06068178967923584,-0.4617533386369285,0.106287,-0.41627,1.132398,0.09413138937504811,0.17238505983045765,0.6274482211990189,0.6574713663759361,target_1,0.020649882736745822,-0.10736972344911631,-0.017352787653475664
9,0.18,Link3,,body,True,default_tool_frame,0.0,0.0,0.0,0.0,0.0,0.65,0.012056042621894096,-0.5255036758740123,0.9729886667250879,0.013555987954954215,-0.5907965060146054,0.511865476572793,0.001499945333060118,-0.06529283014059314,-0.4611231901522948,0.106287,-0.41627,1.132398,0.09273101204504579,0.17452650601460545,0.620532523427207,0.651244312472287,target_1,0.0229443141519398,-0.11929969272124034,-0.019280875170528514
10,0.2,Link3,,body,True,default_tool_frame,0.0,0.0,0.0,0.0,0.0,0.65,0.013198166342587846,-0.5229567855161679,0.9792446145038639,0.014964203260721771,-0.5928532952563553,0.5187977022113135,0.0017660369181339253,-0.06989650974018748,-0.46044691229255047,0.106287,-0.41627,1.132398,0.09132279673927823,0.17658329525635535,0.6136002977886865,0.6450014254358214,target_1,0.02523874556713378,-0.1312296619933644,-0.021208962687581368
11,0.22,Link3,,body,True,default_tool_frame,0.0,0.0,0.0,0.0,0.0,0.65,0.014326617325162126,-0.5203330097226105,0.9854700704108508,0.01637968602707443,-0.5948253056668749,0.5257454977003448,0.0020530687019123042,-0.07449229594426433,-0.459724572710506,0.106287,-0.41627,1.132398,0.08990731397292558,0.1785553056668749,0.6066525022996552,0.6387429693030292,target_1,0.027533176982327764,-0.14315963126548842,-0.02313705020463422
12,0.24,Link3,,body,True,default_tool_frame,0.0,0.0,0.0,0.0,0.0,0.65,0.015440889060424526,-0.5176327720090723,0.9916641484223486,0.017801865100810898,-0.596712429262709,0.5327079047554996,0.0023609760403863734,-0.07907965725363661,-0.45895624366684906,0.106287,-0.41627,1.132398,0.0884851348991891,0.18044242926270898,0.5996900952445005,0.6324692085079822,target_1,0.029827608397521743,-0.15508960053761245,-0.02506513772168707
13,0.26,Link3,,body,True,default_tool_frame,0.0,0.0,0.0,0.0,0.0,0.65,0.016540478955383617,-0.5148565086863715,0.9978259669804446,0.019230168830055946,-0.5985145719607118,0.5396839649575297,0.00268968987467233,-0.08365806327434036,-0.4581420020229149,0.106287,-0.41627,1.132398,0.08705683116994406,0.1822445719607118,0.5927140350424703,0.6261804078688681,target_1,0.03212203981271572,-0.16701956980973648,-0.026993225238739923
14,0.28,Link3,,body,True,default_tool_frame,0.0,0.0,0.0,0.0,0.0,0.65,0.01762488846066969,-0.5120046687823486,1.0039546491184792,0.020664025203458114,-0.6002316535704839,0.5466727198854812,0.0030391367427884206,-0.0882269847881353,-0.45728192923299804,0.106287,-0.41627,1.132398,0.08562297479654189,0.18396165357048394,0.5857252801145189,0.6198768325745265,target_1,0.0344164712279097,-0.1789495390818605,-0.028921312755792773
15,0.3,Link3,,body,True,default_tool_frame,0.0,0.0,0.0,0.0,0.0,0.65,0.018693623197037195,-0.50907771396148,1.0100493225858589,0.022102861989211776,-0.6018636077843148,0.5536732112496545,0.0034092387921745805,-0.09278589382283475,-0.4563761113362044,0.106287,-0.41627,1.132398,0.08418413801078822,0.18559360778431483,0.5787247887503455,0.6135587481709878,target_1,0.036710902643103685,-0.19087950835398454,-0.030849400272845624
16,0.32,Link3,,body,True,default_tool_frame,0.0,0.0,0.0,0.0,0.0,0.65,0.019746193080922066,-0.5060761184421746,1.0161091199721959,0.02354610687387146,-0.6034103821646369,0.5606844810243539,0.0037999137929493935,-0.09733426372246237,-0.4554246389478421,0.106287,-0.41627,1.132398,0.08274089312612855,0.18714038216463696,0.5717135189756462,0.6072264205480129,target_1,0.03900533405829766,-0.2028094776261086,-0.032777487789898474
17,0.34,Link3,,body,True,default_tool_frame,0.0,0.0,0.0,0.0,0.0,0.65,0.0207821124490247,-0.5030003689117836,1.022133178830761,0.024993187600928158,-0.604871938129002,0.567705571580402,0.004211075151903456,-0.10187156921721838,-0.454427607250359,0.106287,-0.41627,1.132398,0.08129381239907185,0.188601938129002,0.564692428419598,0.600880115925643,target_1,0.041299765473491644,-0.21473944689823263,-0.03470557530695133
18,0.36,Link3,,body,True,default_tool_frame,0.0,0.0,0.0,0.0,0.0,0.65,0.02180090018189333,-0.49985096443932553,1.0281206418012312,0.026443532109121003,-0.6062482509325765,0.5747355258174116,0.004642631927227675,-0.10639728649325095,-0.4533851159838196,0.106287,-0.41627,1.132398,0.07984346789087901,0.18997825093257653,0.5576624741825884,0.5945201008407445,target_1,0.04359419688868563,-0.22666941617035666,-0.03663366282400418
19,0.38,Link3,,body,True,default_tool_frame,0.0,0.0,0.0,0.0,0.0,0.65,0.022802079826476147,-0.4966284163859541,1.0340706567317082,0.027896568670448315,-0.6075393096481719,0.5817733872957809,0.005094488843972167,-0.11091089326221783,-0.4522972694359273,0.106287,-0.41627,1.132398,0.07839043132955169,0.19126930964817196,0.5506246127042191,0.5881466421335693,target_1,0.0458886283038796,-0.2385993854424807,-0.03856175034105703
20,0.4,Link3,,body,True,default_tool_frame,0.0,0.0,0.0,0.0,0.0,0.65,0.02378517971762147,-0.4933332483131783,1.0399823768000012,0.029351726027857208,-0.6087451171438114,0.588818200368409,0.005566546310235739,-0.11541186883063304,-0.4511641764315921,0.106287,-0.41627,1.132398,0.0769352739721428,0.19247511714381144,0.543579799631591,0.5817600069343141,target_1,0.048183059719073586,-0.25052935471460475,-0.04048983785810988
21,0.42,Link3,,body,True,default_tool_frame,0.0,0.0,0.0,0.0,0.0,0.65,0.024749733098492255,-0.4899659958888574,1.045854960634149,0.030808433532573728,-0.609865690057843,0.595869010312104,0.006058700434081472,-0.1198996941689856,-0.44998595032204486,0.106287,-0.41627,1.132398,0.07547856646742628,0.193595690057843,0.536528989687896,0.5753604626496892,target_1,0.05047749113426756,-0.2624593239867288,-0.042417925375162736
22,0.44,Link3,,body,True,default_tool_frame,0.0,0.0,0.0,0.0,0.0,0.65,0.025695278239873793,-0.48652720679098455,1.051687572432165,0.03226612128105008,-0.6109010587716057,0.6029248634586688,0.006570843041176284,-0.12437385198062116,-0.4487627089734963,0.106287,-0.41627,1.132398,0.07402087871894993,0.19463105877160575,0.5294731365413312,0.5689482769494929,target_1,0.052771922549461545,-0.2743892932588528,-0.04434601289221558
23,0.46,Link3,,body,True,default_tool_frame,0.0,0.0,0.0,0.0,0.0,0.65,0.026621358558343616,-0.4830174406092816,1.0574793820809925,0.03372422025149661,-0.6118512673796579,0.6099848073256456,0.007102861693152993,-0.12883382677037636,-0.4474945747553468,0.106287,-0.41627,1.132398,0.07256277974850339,0.19558126737965792,0.5224131926743544,0.5625237177531941,target_1,0.05506635396465553,-0.28631926253097684,-0.04627410040926844
24,0.48,Link3,,body,True,default_tool_frame,0.0,0.0,0.0,0.0,0.0,0.65,0.02752752273328162,-0.47943726874461967,1.0632295652746468,0.035182162439970945,-0.6127163736575777,0.6170478907467014,0.007654639706689324,-0.133279104912958,-0.4461816745279455,0.106287,-0.41627,1.132398,0.07110483756002905,0.19644637365757772,0.5153501092532986,0.5560870532165243,target_1,0.057360785379849503,-0.29824923180310087,-0.04820218792632129
25,0.5,Link3,,body,True,default_tool_frame,0.0,0.0,0.0,0.0,0.0,0.65,0.02841332482269128,-0.47578727430628887,1.0689373036315346,0.0366393809959947,-0.6134964490273429,0.6241131640016354,0.008226056173303423,-0.1377091747210541,-0.4448241396298992,0.106287,-0.41627,1.132398,0.0696476190040053,0.19722644902734293,0.5082848359983646,0.5496385517180783,target_1,0.059655216795043486,-0.3101792010752249,-0.05013027544337414
26,0.52,Link3,,body,True,default_tool_frame,0.0,0.0,0.0,0.0,0.0,0.65,0.02927832437780715,-0.4720680520071322,1.0746017848109264,0.03809531035766903,-0.6141915785203016,0.631179678945994,0.008816985979861879,-0.14212352651316942,-0.44342210586493236,0.106287,-0.41627,1.132398,0.06819168964233098,0.19792157852030162,0.501218321054006,0.5431784818459219,target_1,0.06194964821023746,-0.3221091703473489,-0.05205836296042699
27,0.54,Link3,,body,True,default_tool_frame,0.0,0.0,0.0,0.0,0.0,0.65,0.030122086556464204,-0.46828020805656856,1.0802222026285733,0.0395493863862601,-0.614801860737745,0.6382464891402687,0.009427299829795899,-0.1465216526811765,-0.44197571348830456,0.106287,-0.41627,1.132398,0.06673761361373991,0.19853186073774504,0.4941515108597313,0.5367071123842159,target_1,0.06424407962543144,-0.33403913961947296,-0.053986450477479846
28,0.56,Link3,,body,True,default_tool_frame,0.0,0.0,0.0,0.0,0.0,0.65,0.030944182235202528,-0.4644243600515188,1.0857977571714426,0.041001046500226304,-0.615327407809088,0.6453126499786662,0.01005686426502378,-0.15090304775756924,-0.44048510719277634,0.106287,-0.41627,1.132398,0.0652859534997737,0.19905740780908804,0.4870853500213338,0.530224712299845,target_1,0.06653851104062543,-0.345969108891597,-0.05591453799453269
29,0.58,Link3,,body,True,default_tool_frame,0.0,0.0,0.0,0.0,0.0,0.65,0.031744188120083006,-0.4605011368652659,1.091327654911566,0.04244972980865942,-0.6157683453476777,0.6523772188174287,0.01070554168857642,-0.15526720848241182,-0.4389504360941373,0.106287,-0.41627,1.132398,0.06383727019134058,0.19949834534767769,0.4800207811825713,0.5237315507290634,target_1,0.0688329424558194,-0.357899078163721,-0.057842625511585546
30,0.6,Link3,,body,True,default_tool_frame,0.0,0.0,0.0,0.0,0.0,0.65,0.03252168685618951,-0.45651117853425677,1.0968111088189754,0.04389487724410955,-0.616124812404231,0.6594392551026874,0.011373190387920043,-0.15961363386997424,-0.43737185371628795,0.106287,-0.41627,1.132398,0.062392122755890456,0.19985481240423103,0.4729587448973126,0.5172278969641503,target_1,0.07112737387101338,-0.36982904743584505,-0.0597707130286384
31,0.62,Link3,,body,True,default_tool_frame,0.0,0.0,0.0,0.0,0.0,0.65,0.033276267135792764,-0.4524551361428799,1.102247338473716,0.04533593169476811,-0.616396961417922,0.6664978204978351,0.012059664558975343,-0.16394182527504209,-0.43574951797588085,0.106287,-0.41627,1.132398,0.0609510683052319,0.20012696141792202,0.4659001795021649,0.5107140204400785,target_1,0.07342180528620737,-0.3817590167079691,-0.06169880054569125
32,0.64,Link3,,body,True,default_tool_frame,0.0,0.0,0.0,0.0,0.0,0.65,0.034007523805151756,-0.4483336717062337,1.1076355701769163,0.04677233813597893,-0.6165849581651281,0.6735519790103914,0.01276481433082718,-0.1682512864588944,-0.4340835911665248,0.106287,-0.41627,1.132398,0.05951466186402107,0.20031495816512818,0.4588460209896086,0.5041901907212021,target_1,0.07571623670140135,-0.39368898598009316,-0.06362688806274411
33,0.66,Link3,,body,True,default_tool_frame,0.0,0.0,0.0,0.0,0.0,0.65,0.03471505796993037,-0.44414745805090916,1.1129750370609046,0.04820354376105268,-0.616688981705845,0.6806007971183569,0.01348848579112231,-0.17254152365493586,-0.43237423994254776,0.106287,-0.41627,1.132398,0.058083456238947326,0.200418981705845,0.45179720288164316,0.49765667748795067,target_1,0.07801066811659532,-0.4056189552522172,-0.06555497557979695
34,0.68,Link3,,body,True,default_tool_frame,0.0,0.0,0.0,0.0,0.0,0.65,0.03539847709920262,-0.4398971786938125,1.1182649791983512,0.0496289981113523,-0.6167092243277927,0.6876433438960243,0.014230521012149682,-0.1768120456339802,-0.43062163530232683,0.106287,-0.41627,1.132398,0.056658001888647704,0.20043922432779276,0.4447546561039757,0.4911137505235492,target_1,0.08030509953178931,-0.4175489245243412,-0.0674830630968498
35,0.7000000000000001,Link3,,body,True,default_tool_frame,0.0,0.0,0.0,0.0,0.0,0.65,0.03605739512802735,-0.4355835277190449,1.1235046437104228,0.05104815320562787,-0.616645891488213,0.6946786911392424,0.014990758077600516,-0.18106236376916812,-0.42882595257118034,0.106287,-0.41627,1.132398,0.05523884679437214,0.20037589148821305,0.4377193088607576,0.4845616797007452,target_1,0.08259953094698329,-0.42947889379646526,-0.06941115061390266
36,0.72,Link3,,body,True,default_tool_frame,0.0,0.0,0.0,0.0,0.0,0.65,0.03669143255856581,-0.43120720965287074,1.1286932848739355,0.0524604636685696,-0.6164992017533888,0.7017059134901047,0.015769031110003794,-0.185291992100518,-0.4269873713838308,0.106287,-0.41627,1.132398,0.053826536331430405,0.20022920175338882,0.4306920865098953,0.47800073496856177,target_1,0.08489396236217726,-0.4414088630685893,-0.07133923813095551
37,0.74,Link3,,body,True,default_tool_frame,0.0,0.0,0.0,0.0,0.0,0.65,0.037300216559720885,-0.4267689393367905,1.133830164227486,0.05386538685855224,-0.6162693867358823,0.7087240885610533,0.016565170298831353,-0.18950044739909175,-0.4251060756664326,0.106287,-0.41627,1.132398,0.05242161314144777,0.1999993867358823,0.4236739114389467,0.4714311863390638,target_1,0.08718839377737125,-0.4533388323407133,-0.07326732564800836
38,0.76,Link3,,body,True,default_tool_frame,0.0,0.0,0.0,0.0,0.0,0.65,0.037883381065278096,-0.4222694417987486,1.1389145506765541,0.05526238299454893,-0.6159566910295259,0.7157322970583793,0.01737900192927083,-0.1936872492307773,-0.4231822536181748,0.106287,-0.41627,1.132398,0.05102461700545108,0.1996866910295259,0.41666570294162075,0.46485330387414614,target_1,0.08948282519256523,-0.46526880161283735,-0.07519541316506122
39,0.78,Link3,,body,True,default_tool_frame,0.0,0.0,0.0,0.0,0.0,0.65,0.03844056687052067,-0.4177094521224966,1.1439457205975518,0.05665091528217962,-0.6155613721421633,0.7227296229050998,0.018210348411658948,-0.19785192001966673,-0.42121609769245205,0.106287,-0.41627,1.132398,0.04963608471782038,0.19929137214216336,0.4096683770949002,0.458267357672342,target_1,0.0917772566077592,-0.4771987708849614,-0.07712350068211406
40,0.8,Link3,,body,True,default_tool_frame,0.0,0.0,0.0,0.0,0.0,0.65,0.03897142172730444,-0.41308971531513966,1.1489229579408136,0.05803045003887726,-0.6150837004261709,0.7297151533631994,0.01905902831157282,-0.2019939851110312,-0.41920780457761425,0.106287,-0.41627,1.132398,0.04825654996112275,0.19881370042617091,0.40268284663680065,0.45167361785565324,target_1,0.09407168802295318,-0.4891287401570854,-0.07905158819916691
41,0.8200000000000001,Link3,,body,True,default_tool_frame,0.0,0.0,0.0,0.0,0.0,0.65,0.03947560043756348,-0.4084109861728882,1.1538455543325035,0.05940045681813713,-0.6145239590067648,0.736687979155215,0.01992485638057365,-0.20611297283387664,-0.4171575751772885,0.106287,-0.41627,1.132398,0.046886543181862875,0.19825395900676485,0.395710020844785,0.4450723545564034,target_1,0.09636611943814717,-0.5010587094292095,-0.08097967571621977
42,0.84,Link3,,body,True,default_tool_frame,0.0,0.0,0.0,0.0,0.0,0.65,0.03995276494523232,-0.4036740291450457,1.158712809175436,0.060760408532829886,-0.6138824437081223,0.743647194585153,0.02080764358759757,-0.21020841456307665,-0.41506561459028285,0.106287,-0.41627,1.132398,0.04552659146717012,0.1976124437081223,0.38875080541484697,0.4384638379041157,target_1,0.09866055085334115,-0.5129886787013335,-0.08290776323327262
43,0.86,Link3,,body,True,default_tool_frame,0.0,0.0,0.0,0.0,0.0,0.65,0.04040258442656036,-0.3988796181962515,1.1635240297487854,0.06210978157754891,-0.6131594629773207,0.750591897658718,0.021707197150988546,-0.21427984478106915,-0.41293213209006746,0.106287,-0.41627,1.132398,0.0441772184224511,0.19688946297732074,0.381806102341282,0.431848338012414,target_1,0.10095498226853512,-0.5249186479734576,-0.08483585075032547
44,0.88,Link3,,body,True,default_tool_frame,0.0,0.0,0.0,0.0,0.0,0.65,0.04082473537879788,-0.39402853666701226,1.1682785313066755,0.06344805594996872,-0.6123553378061232,0.7575211902028344,0.022623320571170828,-0.2183268011391109,-0.4107573411038411,0.106287,-0.41627,1.132398,0.04283894405003129,0.1960853378061232,0.37487680979716564,0.42522612496595674,target_1,0.10324941368372911,-0.5368486172455815,-0.08676393826737833
45,0.9,Link3,,body,True,default_tool_frame,0.0,0.0,0.0,0.0,0.0,0.65,0.04121890170723565,-0.389121577132542,1.1729756371756344,0.06477471537118755,-0.6114704016506218,0.7644341779844559,0.023555813663951902,-0.22234882451807986,-0.40854145919117846,0.106287,-0.41627,1.132398,0.04151228462881246,0.19520040165062186,0.3679638220155441,0.41859746880739096,target_1,0.10554384509892309,-0.5487785865177056,-0.08869202578443117
46,0.92,Link3,,body,True,default_tool_frame,0.0,0.0,0.0,0.0,0.0,0.65,0.04158477481057838,-0.3841595412599437,1.1776146788509019,0.06608924740503146,-0.6105050003487624,0.7713299708286336,0.02450447259445308,-0.22634545908881865,-0.40628470802226824,0.106287,-0.41627,1.132398,0.04019775259496855,0.19423500034876245,0.3610680291713664,0.41196263952434414,target_1,0.10783827651411707,-0.5607085557898296,-0.09062011330148402
47,0.9400000000000001,Link3,,body,True,default_tool_frame,0.0,0.0,0.0,0.0,0.0,0.65,0.04192205366462987,-0.379143239663755,1.1821949960915714,0.06739114357629189,-0.6094594920357617,0.7782076827358353,0.025469089911662017,-0.23031625237200665,-0.4039873133557362,0.106287,-0.41627,1.132398,0.03889585642370812,0.1931894920357617,0.3541903172641647,0.40532190703644305,target_1,0.11013270792931106,-0.5726385250619537,-0.09254820081853687
48,0.96,Link3,,body,True,default_tool_frame,0.0,0.0,0.0,0.0,0.0,0.65,0.04223044490427614,-0.37407349175988813,1.1867159370145584,0.06867989948787849,-0.6083342470574455,0.7850664319984959,0.026449454583602348,-0.23426075529755738,-0.4016495050160624,0.106287,-0.41627,1.132398,0.037607100512121516,0.19206424705744557,0.3473315680015041,0.3986755411823702,target_1,0.11242713934450503,-0.5845684943340776,-0.09447628833558973
49,0.98,Link3,,body,True,default_tool_frame,0.0,0.0,0.0,0.0,0.0,0.65,0.04250966290374107,-0.3689511256179911,1.1911768581873767,0.06995501493685367,-0.6071296478815186,0.7919053413167879,0.027445352033112606,-0.2381785222635275,-0.3992715168705888,0.106287,-0.41627,1.132398,0.03633198506314633,0.1908596478815186,0.3404926586832121,0.3920238117069527,target_1,0.11472157075969901,-0.5964984636062017,-0.09640437585264258
50,1.0,Link3,,body,True,default_tool_frame,0.0,0.0,0.0,0.0,0.0,0.65,0.04275942985510438,-0.3637769778122594,1.195577124719715,0.07121599402933587,-0.6058460890067923,0.7987235379135897,0.0284565641742315,-0.2420691111945329,-0.39685358680612515,0.106287,-0.41627,1.132398,0.035071005970664135,0.1895760890067923,0.3336744620864103,0.3853669882482941,target_1,0.11701600217489298,-0.6084284328783257,-0.09833246336969544
51,1.02,Link3,,body,True,default_tool_frame,0.0,0.0,0.0,0.0,0.0,0.65,0.04297947584505658,-0.3585518932707236,1.1999161103537954,0.07246234529423914,-0.6044839768703865,0.8055201536486449,0.029482869449182564,-0.2459320835996628,-0.39439595670515054,0.106287,-0.41627,1.132398,0.03382465470576086,0.1882139768703865,0.3268778463513551,0.3787053403249424,target_1,0.11931043359008697,-0.6203584021504498,-0.10026055088674828
52,1.04,Link3,,body,True,default_tool_frame,0.0,0.0,0.0,0.0,0.0,0.65,0.043169538929879084,-0.3532767251230469,1.2041931975535043,0.07369358179583077,-0.603043729752928,0.8122943251318877,0.030524042865951683,-0.24976700462988108,-0.39189887242161653,0.106287,-0.41627,1.132398,0.032593418204169236,0.186773729752928,0.3201036748681123,0.37203913732310717,target_1,0.12160486500528095,-0.6322883714225739,-0.10218863840380113
53,1.06,Link3,,body,True,default_tool_frame,0.0,0.0,0.0,0.0,0.0,0.65,0.04332936520862952,-0.34795233454685576,1.2084077775922821,0.0749092212450826,-0.6015257776817666,0.819045193835929,0.03157985603645309,-0.25357344313491087,-0.38936258375635313,0.106287,-0.41627,1.132398,0.0313777787549174,0.18525577768176665,0.313352806164071,0.36536864848392037,target_1,0.12389929642047492,-0.6442183406946979,-0.10411672592085398
54,1.08,Link3,,body,True,default_tool_frame,0.0,0.0,0.0,0.0,0.0,0.65,0.043458708894515,-0.3425795906126377,1.2125592506397582,0.07610878610979135,-0.599930562332228,0.82577190620768,0.03265007721527635,-0.25735097171959026,-0.3867873444320782,0.106287,-0.41627,1.132398,0.030178213890208652,0.183660562332228,0.30662609379232,0.3586941428907503,target_1,0.1261937278356689,-0.6561483099668218,-0.10604481343790682
55,1.1,Link3,,body,True,default_tool_frame,0.0,0.0,0.0,0.0,0.0,0.65,0.04355733238444095,-0.33715937012723346,1.2166470258471207,0.07729180372345099,-0.598258536926928,0.8324736137791033,0.033734471339010044,-0.2610991667996945,-0.38417341206801736,0.106287,-0.41627,1.132398,0.02899519627654902,0.181988536926928,0.2999243862208967,0.3520158894565713,target_1,0.12848815925086288,-0.6680782792389459,-0.10797290095495969
56,1.12,Link3,,body,True,default_tool_frame,0.0,0.0,0.0,0.0,0.0,0.65,0.0436250063267148,-0.3316925574759535,1.2206705214312084,0.07845780639284818,-0.5965101661331679,0.8391494732770767,0.034832800066133374,-0.2648176086572144,-0.3815210481541317,0.106287,-0.41627,1.132398,0.02782919360715183,0.1802401661331679,0.29324852672292334,0.34533415691139124,target_1,0.13078259066605685,-0.6800082485110699,-0.10990098847201253
57,1.1400000000000001,Link3,,body,True,default_tool_frame,0.0,0.0,0.0,0.0,0.0,0.65,0.043661509686891926,-0.3261800444633493,1.2246291647573102,0.07960633150436351,-0.5946859259584332,0.8457986467323519,0.035944821817471585,-0.26850588149508386,-0.37883051802495826,0.106287,-0.41627,1.132398,0.026680668495636495,0.1784159259584332,0.28659935326764807,0.33864921378974633,target_1,0.13307702208125086,-0.691938217783194,-0.11182907598906539
58,1.16,Link3,,body,True,default_tool_frame,0.0,0.0,0.0,0.0,0.0,0.65,0.043666629811747765,-0.3206227301526712,1.2285223924206656,0.0807369216289562,-0.5927863036440209,0.8524203015875971,0.03707029181720843,-0.2721635734913497,-0.3761020908330685,0.106287,-0.41627,1.132398,0.02555007837104381,0.17651630364402088,0.27997769841240294,0.33196132841826786,target_1,0.1353714534964448,-0.703868187055318,-0.11375716350611823
59,1.18,Link3,,body,True,default_tool_frame,0.0,0.0,0.0,0.0,0.0,0.65,0.04364016249136158,-0.3150215207040404,1.2323496503266487,0.08184912462581018,-0.5908117975568149,0.8590136108045069,0.03820896213444859,-0.2757902768527745,-0.3733360395221418,0.106287,-0.41627,1.132398,0.02443787537418983,0.17454179755681493,0.2733843891954931,0.32527076890332685,target_1,0.1376658849116388,-0.715798156327442,-0.11568525102317109
60,1.2,Link3,,body,True,default_tool_frame,0.0,0.0,0.0,0.0,0.0,0.65,0.04358191201929783,-0.30937732921136946,1.2361103937696296,0.08294249374462076,-0.5887629170792357,0.8655777529699681,0.039360581725322925,-0.27938558786786616,-0.37053264079966153,0.106287,-0.41627,1.132398,0.023344506255379247,0.1724929170792357,0.26682024703003193,0.3185778031187653,target_1,0.13996031632683278,-0.727728125599566,-0.11761333854022393
61,1.22,Link3,,body,True,default_tool_frame,0.0,0.0,0.0,0.0,0.0,0.65,0.043491691250870615,-0.30369107553805924,1.2398040875104974,0.08401658772650292,-0.5866401824973848,0.8721119124012635,0.040524896475632295,-0.2829491069593255,-0.36769217510923385,0.106287,-0.41627,1.132398,0.02227041227349709,0.17037018249738484,0.2602860875987365,0.31188269869372504,target_1,0.14225474774202676,-0.7396580948716901,-0.1195414260572768
62,1.24,Link3,,body,True,default_tool_frame,0.0,0.0,0.0,0.0,0.0,0.65,0.043369321659477766,-0.29796368615150526,1.2434302058528373,0.0850709709034979,-0.5844441248874117,0.8786152792503046,0.04170164924402013,-0.2864804387359064,-0.36481492660253273,0.106287,-0.41627,1.132398,0.02121602909650211,0.16817412488741174,0.25378272074969543,0.3051857230005825,target_1,0.14454917915722074,-0.7515880641438141,-0.12146951357432964
63,1.26,Link3,,body,True,default_tool_frame,0.0,0.0,0.0,0.0,0.0,0.65,0.04321463339099225,-0.29219609395644636,1.246988232717749,0.08610521329666238,-0.5821752860001246,0.8850870496068743,0.04289057990567012,-0.2899791920436783,-0.36190118311087466,0.106287,-0.41627,1.132398,0.02018178670333763,0.1659052860001246,0.24731095039312567,0.2984871431430058,target_1,0.14684361057241474,-0.7635180334159382,-0.1233976010913825
64,1.28,Link3,,body,True,default_tool_frame,0.0,0.0,0.0,0.0,0.0,0.65,0.04302746531619712,-0.28638923812718414,1.2504776617172975,0.08711889071271614,-0.5798342181438709,0.8915264256008726,0.04409142539651902,-0.2934449800166868,-0.3589512361164249,0.106287,-0.41627,1.132398,0.019168109287283866,0.16356421814387095,0.24087157439912743,0.29178722594414486,target_1,0.1491380419876087,-0.7754480026880621,-0.12532568860843535
65,1.3,Link3,,body,True,default_tool_frame,0.0,0.0,0.0,0.0,0.0,0.65,0.04280766508125224,-0.28054406393870823,1.2538979962265813,0.0881115848392322,-0.5774214840657114,0.8979326155035432,0.04530391975797996,-0.29687742012700313,-0.355965380723038,0.106287,-0.41627,1.132398,0.018175415160767802,0.1611514840657114,0.23446538449645682,0.2850862379349779,target_1,0.1514324734028027,-0.7873779719601863,-0.12725377612548822
66,1.32,Link3,,body,True,default_tool_frame,0.0,0.0,0.0,0.0,0.0,0.65,0.04255508915618129,-0.2746615225967573,1.2572487494544156,0.08908288333834932,-0.5749376568309129,0.9043048338276787,0.046527794182168035,-0.3002761342341556,-0.3529439156267369,0.106287,-0.41627,1.132398,0.017204116661650684,0.15866765683091294,0.22809316617232134,0.27838444534282847,target_1,0.15372690481799667,-0.7993079412323102,-0.12918186364254103
67,1.34,Link3,,body,True,default_tool_frame,0.0,0.0,0.0,0.0,0.0,0.65,0.04226960288136674,-0.26874257106685,1.2605294445126125,0.09003237993898815,-0.5723833197007886,0.9106423014267806,0.04776277705762141,-0.3036407486339386,-0.34988714308583196,0.106287,-0.41627,1.132398,0.01625462006101186,0.15611331970078862,0.22175569857321942,0.2716821140800863,target_1,0.15602133623319064,-0.8112379105044344,-0.1311099511595939
68,1.36,Link3,,body,True,default_tool_frame,0.0,0.0,0.0,0.0,0.0,0.65,0.041951080512042375,-0.26278817190231846,1.2637396144838537,0.09095967452755299,-0.5697590660089051,0.9169442455931698,0.04900859401551061,-0.3069708941065867,-0.3467953688906839,0.106287,-0.41627,1.132398,0.015327325472447015,0.15348906600890516,0.21545375440683023,0.2649795097331548,target_1,0.15831576764838462,-0.8231678797765583,-0.13303803867664674
69,1.3800000000000001,Link3,,body,True,default_tool_frame,0.0,0.0,0.0,0.0,0.0,0.65,0.041599405260772646,-0.256799293071374,1.266878802488143,0.09186437323710145,-0.5670654990356896,0.9232099001550289,0.050264967976328796,-0.3102662059643156,-0.34366890233311415,0.106287,-0.41627,1.132398,0.014422626762898558,0.15079549903568962,0.2091880998449711,0.2582768975516667,target_1,0.16061019906357862,-0.8350978490486825,-0.1349661261936996
70,1.4000000000000001,Link3,,body,True,default_tool_frame,0.0,0.0,0.0,0.0,0.0,0.65,0.04121446933790848,-0.2507769077832433,1.2699465617478303,0.0927460885349642,-0.5643032318814556,0.9294385055723673,0.05153161919705572,-0.3135263240982123,-0.34050805617546304,0.106287,-0.41627,1.132398,0.013540911465035804,0.14803323188145562,0.20295949442763273,0.25157454243800786,target_1,0.16290463047877257,-0.8470278183208064,-0.13689421371075244
71,1.42,Link3,,body,True,default_tool_frame,0.0,0.0,0.0,0.0,0.0,0.65,0.04079617399001083,-0.2447219943134029,1.2729424556512,0.09360443930879842,-0.561472887337882,0.9356293090318966,0.052808265318787594,-0.3167508930244791,-0.3373131466193034,0.106287,-0.41627,1.132398,0.012682560691201591,0.14520288733788206,0.19676869096810345,0.24487270893720411,target_1,0.16519906189396658,-0.8589577875929305,-0.1388223012278053
72,1.44,Link3,,body,True,default_tool_frame,0.0,0.0,0.0,0.0,0.0,0.65,0.04034442953622999,-0.23863553582794897,1.275866057814608,0.09443905095105508,-0.5585750977579651,0.9417815645408013,0.054094621414825086,-0.3199395619300161,-0.3340844932738066,0.106287,-0.41627,1.132398,0.011847949048944928,0.14230509775796513,0.1906164354591987,0.23817166122723601,target_1,0.16749349330916055,-0.8708877568650545,-0.14075038874485815
73,1.46,Link3,,body,True,default_tool_frame,0.0,0.0,0.0,0.0,0.0,0.65,0.039859155402635106,-0.23251852020713432,1.2787169521431676,0.09524955544184885,-0.555610504924476,0.9478945330193953,0.055390400039213736,-0.3230919847173417,-0.33082241912377236,0.106287,-0.41627,1.132398,0.011037444558151158,0.13934050492447597,0.1845034669806047,0.23147166310986161,target_1,0.16978792472435453,-0.8828177261371786,-0.14267847626191102
74,1.48,Link3,,body,True,default_tool_frame,0.0,0.0,0.0,0.0,0.0,0.65,0.03934028015448393,-0.22637193986810633,1.28149473288997,0.0960355914302104,-0.552579759916947,0.9539674823926536,0.05669531127572647,-0.32620782004884064,-0.3275272504973163,0.106287,-0.41627,1.132398,0.010251408569789608,0.136309759916947,0.1784305176073464,0.22477297800204107,target_1,0.1720823561395485,-0.8947476954093025,-0.14460656377896386
75,1.5,Link3,,body,True,default_tool_frame,0.0,0.0,0.0,0.0,0.0,0.65,0.038787741526423336,-0.22019679158687944,1.284199004713828,0.09679680431370508,-0.5494835229772153,0.9599996876806023,0.05800906278728175,-0.32928673139033576,-0.32419931703322574,0.106287,-0.41627,1.132398,0.00949019568629493,0.13321352297721528,0.17239831231939773,0.21807586892809078,target_1,0.1743767875547425,-0.9066776646814266,-0.14653465129601673
76,1.52,Link3,,body,True,default_tool_frame,0.0,0.0,0.0,0.0,0.0,0.65,0.03820148645061651,-0.21399407631957726,1.2868293827355464,0.09753284631640693,-0.5463224633735553,0.9659904310875624,0.05933135986579042,-0.33232838705397805,-0.32083895164798387,0.106287,-0.41627,1.132398,0.008754153683593072,0.1300524633735553,0.16640756891243758,0.2113805985127149,target_1,0.17667121896993646,-0.9186076339535506,-0.14846273881306957
77,1.54,Link3,,body,True,default_tool_frame,0.0,0.0,0.0,0.0,0.0,0.65,0.037581471082785464,-0.20776479902297665,1.2893854925926953,0.09824337656520724,-0.5430972592634217,0.9719390020902299,0.060661905482421764,-0.33533246024044505,-0.3174464905024655,0.106287,-0.41627,1.132398,0.008043623434792771,0.1268272592634217,0.16045899790977014,0.2046874289751072,target_1,0.17896565038513046,-0.9305376032256747,-0.15039082633012243
78,1.56,Link3,,body,True,default_tool_frame,0.0,0.0,0.0,0.0,0.0,0.65,0.03692766082616644,-0.20150996847438926,1.291866970492893,0.09892806116444819,-0.5398085975548365,0.9778446975245845,0.062000400338281754,-0.3382986290804472,-0.3140222729683084,0.106287,-0.41627,1.132398,0.007358938835551818,0.12353859755483648,0.15455330247541554,0.1979966221243649,target_1,0.1812600818003244,-0.9424675724977987,-0.15231891384717525
79,1.58,Link3,,body,True,default_tool_frame,0.0,0.0,0.0,0.0,0.0,0.65,0.03624003035336806,-0.1952305970909134,1.2942734632655788,0.09958657326886325,-0.536457173766444,0.9837068216716152,0.06334654291549519,-0.3412265766755306,-0.3105666415939637,0.106287,-0.41627,1.132398,0.006700426731136758,0.120187173766444,0.14869117832838485,0.19130843935652259,target_1,0.1835545132155184,-0.9543975417699228,-0.15424700136422811
80,1.6,Link3,,body,True,default_tool_frame,0.0,0.0,0.0,0.0,0.0,0.65,0.03551856362612986,-0.18892770074809334,1.2966046284122812,0.10021859315481398,-0.5330436918862702,0.989524686341853,0.06470002952868412,-0.34411599113817687,-0.30707994207042827,0.106287,-0.41627,1.132398,0.006068406845186031,0.11677369188627024,0.14287331365814704,0.18462314165360622,target_1,0.1858489446307124,-0.9663275110420467,-0.15617508888128095
81,1.62,Link3,,body,True,default_tool_frame,0.0,0.0,0.0,0.0,0.0,0.65,0.034763253912972934,-0.18260229859801688,1.2988601341553605,0.10082380828980625,-0.529568864229204,0.9952976109586975,0.06606055437683332,-0.3469665656311871,-0.30356252319666294,0.106287,-0.41627,1.132398,0.005463191710193757,0.11329886422920404,0.1371003890413025,0.17794098958521737,target_1,0.18814337604590636,-0.9782574803141708,-0.15810317639833382
82,1.6400000000000001,Link3,,body,True,default_tool_frame,0.0,0.0,0.0,0.0,0.0,0.65,0.03397410380473962,-0.17625541288688892,1.3010396594852285,0.10140191340027643,-0.5260334112932404,1.0010249226405288,0.06742780959553682,-0.34977799840635154,-0.3000147368446997,0.106287,-0.41627,1.132398,0.004885086599723573,0.10976341129324046,0.13137307735947124,0.17126224331332776,target_1,0.19043780746110034,-0.9901874495862948,-0.16003126391538666
83,1.6600000000000001,Link3,,body,True,default_tool_frame,0.0,0.0,0.0,0.0,0.0,0.65,0.0331511252280178,-0.16988806877211382,1.3031428942060357,0.10195261053763115,-0.5224380616145077,1.0067059562815945,0.06880148530961334,-0.3525499928423938,-0.2964369379244412,0.106287,-0.41627,1.132398,0.0043343894623688595,0.1061680616145077,0.12569204371840548,0.1645871626011669,target_1,0.19273223887629434,-1.002117418858419,-0.16195935143243953
84,1.68,Link3,,body,True,default_tool_frame,0.0,0.0,0.0,0.0,0.0,0.65,0.032294339456444006,-0.16350129413892214,1.3051695389798201,0.10247560914253154,-0.5187835516211121,1.012340054631663,0.07018126968608754,-0.35528225748219,-0.29282948434815714,0.106287,-0.41627,1.132398,0.003811390857468469,0.10251355162111214,0.12005794536833703,0.15791600682739357,target_1,0.1950266702914883,-1.014047388130543,-0.16388743894949237
85,1.7,Link3,,body,True,default_tool_frame,0.0,0.0,0.0,0.0,0.0,0.65,0.03140377711988325,-0.15709611941657736,1.3071193053691081,0.10297062610740708,-0.5150706254858274,1.0179265683744292,0.07156684898752383,-0.35797450606925,-0.2891927369946789,0.106287,-0.41627,1.132398,0.0033163738925929276,0.09880062548582741,0.11447143162557083,0.1512490350071495,target_1,0.1973211017066823,-1.025977357402667,-0.16581552646654524
86,1.72,Link3,,body,True,default_tool_frame,0.0,0.0,0.0,0.0,0.0,0.65,0.030479478211484147,-0.1506735773941951,1.3089919158779675,0.1034373858371917,-0.5113000349776605,1.0234648562046682,0.07295790762570754,-0.36062645758346545,-0.28552705967329917,0.106287,-0.41627,1.132398,0.002849614162808309,0.09503003497766055,0.10893314379533181,0.14458650582217797,target_1,0.19961553312187627,-1.037907326674791,-0.16774361398359808
87,1.74,Link3,,body,True,default_tool_frame,0.0,0.0,0.0,0.0,0.0,0.65,0.029521492092601315,-0.1442347030362128,1.3107871039914998,0.10387562030826424,-0.5074725393123235,1.0289542849041227,0.07435412821566292,-0.36323783627611067,-0.2818328190873771,0.106287,-0.41627,1.132398,0.002411379691735771,0.09120253931232353,0.10344371509587735,0.1379286776630251,target_1,0.20190996453707025,-1.049837295946915,-0.16967170150065095
88,1.76,Link3,,body,True,default_tool_frame,0.0,0.0,0.0,0.0,0.0,0.65,0.028529877495589523,-0.13778053329754292,1.3125046142137724,0.10428506912559093,-0.5035889050016392,1.034394229416118,0.07575519163000141,-0.3658083717040963,-0.2781103847976544,0.106287,-0.41627,1.132398,0.002001930874409072,0.08731890500163925,0.0980037705838821,0.13127580868754687,target_1,0.20420439595226422,-1.061767265219039,-0.17159978901770379
89,1.78,Link3,,body,True,default_tool_frame,0.0,0.0,0.0,0.0,0.0,0.65,0.027504702524462205,-0.13131210693844525,1.3141442021041807,0.104665479578052,-0.4996499057019164,1.039784072918895,0.0771607770535898,-0.36833779876347117,-0.27436012918528585,0.106287,-0.41627,1.132398,0.0016215204219480056,0.08337990570191645,0.09261392708110505,0.12462815690173515,target_1,0.20649882736745823,-1.073697234491163,-0.17352787653475665
90,1.8,Link3,,body,True,default_tool_frame,0.0,0.0,0.0,0.0,0.0,0.65,0.02644604465341737,-0.12483046433915433,1.3157056343122386,0.1050166066919474,-0.4956563220613192,1.0451232068976517,0.07857056203853002,-0.37082585772216486,-0.2705824274145868,0.106287,-0.41627,1.132398,0.0012703933080526059,0.07938632206131924,0.08727479310234831,0.11798598027154901,target_1,0.20879325878265217,-1.085627203763287,-0.17545596405180947
91,1.82,Link3,,body,True,default_tool_frame,0.0,0.0,0.0,0.0,0.0,0.65,0.025353990723226336,-0.11833664731429568,1.317188688610788,0.10533821328266944,-0.4916089415662649,1.0504110312152843,0.07998422255944311,-0.3732722942519692,-0.26677765739550363,0.106287,-0.41627,1.132398,0.0009487867173305631,0.07533894156626492,0.08198696878471567,0.11134953687854299,target_1,0.21108769019784618,-1.0975571730354112,-0.17738405156886233
92,1.84,Link3,,body,True,default_tool_frame,0.0,0.0,0.0,0.0,0.0,0.65,0.02422863693548755,-0.1118316989271279,1.3185931539276283,0.10563007000453464,-0.487508558386881,1.0556469541818203,0.0814014330690471,-0.3756768594597531,-0.2629461997458081,0.106287,-0.41627,1.132398,0.0006569299954653635,0.07123855838688103,0.07675104581817971,0.10471908513849956,target_1,0.21338212161304015,-1.1094871423075352,-0.17931213908591517
93,1.86,Link3,,body,True,default_tool_frame,0.0,0.0,0.0,0.0,0.0,0.65,0.02307008884474543,-0.10531666330364325,1.3199188303755554,0.10589195539876589,-0.48335597322154944,1.0608303926225338,0.08282186655402046,-0.3780393099179062,-0.2590884377530215,0.106287,-0.41627,1.132398,0.0003950446012341152,0.06708597322154947,0.07156760737746626,0.09809488411254981,target_1,0.21567655302823413,-1.1214171115796592,-0.18124022660296804
94,1.8800000000000001,Link3,,body,True,default_tool_frame,0.0,0.0,0.0,0.0,0.0,0.65,0.02187846134847234,-0.09879258544656633,1.3211655292808118,0.10612365593961515,-0.4791519931405746,1.0659607719447393,0.08424519459114281,-0.3803594076940083,-0.2552047573360725,0.106287,-0.41627,1.132398,0.0001633440603848596,0.06288199314057463,0.06643722805526076,0.09147719395718293,target_1,0.2179709844434281,-1.1333470808517832,-0.18316831412002088
95,1.9000000000000001,Link3,,body,True,default_tool_frame,0.0,0.0,0.0,0.0,0.0,0.65,0.020653878674917376,-0.09226051104927946,1.3223330732099365,0.10632496607862109,-0.4748974314289986,1.0710375262032472,0.08567108740370372,-0.38263692037971914,-0.25129554700668943,0.106287,-0.41627,1.132398,-3.7966078621082255e-05,0.05862743142899862,0.0613604737967528,0.08486627658821287,target_1,0.2202654158586221,-1.1452770501239073,-0.18509640163707375
96,1.92,Link3,,body,True,default_tool_frame,0.0,0.0,0.0,0.0,0.0,0.65,0.019396474368822633,-0.08572148630971933,1.3234212959950216,0.10649568828699225,-0.4705931074286049,1.0760600981644848,0.08709921391816962,-0.38487162111888557,-0.24736119783053687,0.106287,-0.41627,1.132398,-0.00020868828699224795,0.05432310742860491,0.056337901835515236,0.07826239668403356,target_1,0.22255984727381606,-1.1572070193960313,-0.1870244891541266
97,1.94,Link3,,body,True,default_tool_frame,0.0,0.0,0.0,0.0,0.0,0.65,0.01810639127500734,-0.07917655774426989,1.3244300427573568,0.10663563309610946,-0.4662398463791303,1.0810279393692643,0.08852924182110213,-0.3870632886348604,-0.24340210338809234,0.106287,-0.41627,1.132398,-0.0003486330961094547,0.04996984637913032,0.05137006063073568,0.07166582324507999,target_1,0.22485427868901006,-1.1691369886681553,-0.18895257667117946
98,1.96,Link3,,body,True,default_tool_frame,0.0,0.0,0.0,0.0,0.0,0.65,0.016783781519824712,-0.07262677200169454,1.325359169929478,0.1067446191361412,-0.46183847925872873,1.0859405101942028,0.08996083761631649,-0.3892117072570342,-0.2394186597352751,0.106287,-0.41627,1.132398,-0.000457619136141188,0.045568479258728756,0.046457489805797225,0.06507683210085374,target_1,0.227148710104204,-1.1810669579402793,-0.1908806641882323
99,1.98,Link3,,body,True,default_tool_frame,0.0,0.0,0.0,0.0,0.0,0.65,0.015428806490492795,-0.06607317567713929,1.3262085452755947,0.10682247317276503,-0.4573898426237086,1.0907972799117693,0.09139366668227222,-0.3913166669465693,-0.23541126536382534,0.106287,-0.41627,1.132398,-0.0005354731727650192,0.0411198426237086,0.04160072008823068,0.0584957101057559,target_1,0.22944314151939801,-1.1929969272124035,-0.19280875170528516
100,2.0,Link3,,body,True,default_tool_frame,0.0,0.0,0.0,0.0,0.0,0.65,0.014041636812301238,-0.059516815126244675,1.3269780479104136,0.10686903014198824,-0.45289477844758275,1.0955977267489727,0.09282739332968701,-0.39337796332133806,-0.23138032116144094,0.106287,-0.41627,1.132398,-0.0005820301419882379,0.03662477844758277,0.036800273251027305,0.05192276251097376,target_1,0.231737572934592,-1.2049268964845274,-0.194736839222338
101,2.02,Link3,,body,True,default_tool_frame,0.0,0.0,0.0,0.0,0.0,0.65,0.012622452323701225,-0.052958736279396075,1.3276675683163417,0.1068841331830652,-0.448354133959456,1.1003413379446694,0.09426168085936397,-0.39539539768005993,-0.22732623037167224,0.106287,-0.41627,1.132398,-0.0005971331830651877,0.03208413395945603,0.03205666205533064,0.0453583267118212,target_1,0.23403200434978597,-1.2168568657566514,-0.19666492673939087
102,2.04,Link3,,body,True,default_tool_frame,0.0,0.0,0.0,0.0,0.0,0.65,0.01117144204928041,-0.04639998445615673,1.3282770083590738,0.10686763366950389,-0.44376876148179073,1.1050276098054888,0.09569619162022348,-0.397368777025634,-0.22324939855358508,0.106287,-0.41627,1.132398,-0.00058063366950388,0.027498761481790757,0.027370390194511263,0.038802799871792484,target_1,0.23632643576497994,-1.2287868350287754,-0.19859301425644368
103,2.06,Link3,,body,True,default_tool_frame,0.0,0.0,0.0,0.0,0.0,0.65,0.009688804170626161,-0.03984160417990745,1.328806281301559,0.10681939123815748,-0.4391395182675718,1.1096560477603716,0.09713058706753132,-0.39929791408766435,-0.2191502335411875,0.106287,-0.41627,1.132398,-0.000532391238157473,0.02286951826757183,0.022741952239628382,0.03225670004651448,target_1,0.23862086718017395,-1.2407168043008996,-0.20052110177349655
104,2.08,Link3,,body,True,default_tool_frame,0.0,0.0,0.0,0.0,0.0,0.65,0.008174745995085095,-0.03328463899274008,1.3292553118163457,0.10673927381639721,-0.4344672663369152,1.1142261664137127,0.09856452782131211,-0.4011826273441751,-0.21502914540263288,0.106287,-0.41627,1.132398,-0.0004522738163972029,0.018197266336915208,0.018171833586287267,0.02572082015856695,target_1,0.2409152985953679,-1.2526467735730236,-0.2024491892905494
105,2.1,Link3,,body,True,default_tool_frame,0.0,0.0,0.0,0.0,0.0,0.65,0.006629483922423102,-0.026730131270628472,1.3296240359963014,0.1066271576473627,-0.42975287231314063,1.1187374895971043,0.0999976737249396,-0.4030227410425122,-0.21088654639919707,0.106287,-0.41627,1.132398,-0.0003401576473626988,0.01348287231314066,0.013660510402895731,0.01919669496306947,target_1,0.2432097300105619,-1.2645767428451478,-0.20437727680760226
106,2.12,Link3,,body,True,default_tool_frame,0.0,0.0,0.0,0.0,0.0,0.65,0.005053243409391673,-0.02017912203892084,1.3299124013637085,0.10648292731328672,-0.42499720725834983,1.1231895504196705,0.10142968390389505,-0.40481808521942897,-0.20672285094403806,0.106287,-0.41627,1.132398,-0.00019592731328671453,0.008727207258349856,0.009208449580329514,0.012688501791612633,target_1,0.24550416142575587,-1.2765067121172715,-0.2063053643246551
107,2.14,Link3,,body,True,default_tool_frame,0.0,0.0,0.0,0.0,0.0,0.65,0.0034462589322055625,-0.013632650788180573,1.3301203668777344,0.10630647575689002,-0.42020114650853446,1.1275818913169973,0.10286021682468446,-0.40656849572035386,-0.2025384755607372,0.106287,-0.41627,1.132398,-1.9475756890013907e-05,0.003931146508534489,0.004816108683002751,0.0062168476757247185,target_1,0.24779859284094985,-1.2884366813893957,-0.20823345184170797
108,2.16,Link3,,body,True,default_tool_frame,0.0,0.0,0.0,0.0,0.0,0.65,0.0018087739469423642,-0.007091755290420393,1.33024790294027,0.10609770430084597,-0.4153655695082554,1.1319140640986358,0.10428893035390362,-0.408273814217835,-0.19833383884163427,0.106287,-0.41627,1.132398,0.00018929569915403233,-0.0009044304917446011,0.0004839359013641964,0.0010430826107000212,target_1,0.2500930242561438,-1.3003666506615197,-0.2101615393587608
109,2.18,Link3,,body,True,default_tool_frame,0.0,0.0,0.0,0.0,0.0,0.65,0.0018087739469423642,-0.007091755290420393,1.33024790294027,0.10609770430084597,-0.4153655695082554,1.1319140640986358,0.10428893035390362,-0.408273814217835,-0.19833383884163427,0.106287,-0.41627,1.132398,0.00018929569915403233,-0.0009044304917446011,0.0004839359013641964,0.0010430826107000212,target_1,0.2500930242561438,-1.3003666506615197,-0.2101615393587608
110,2.2,Link3,,body,True,default_tool_frame,0.0,0.0,0.0,0.0,0.0,0.65,0.0018087739469423642,-0.007091755290420393,1.33024790294027,0.10609770430084597,-0.4153655695082554,1.1319140640986358,0.10428893035390362,-0.408273814217835,-0.19833383884163427,0.106287,-0.41627,1.132398,0.00018929569915403233,-0.0009044304917446011,0.0004839359013641964,0.0010430826107000212,target_1,0.2500930242561438,-1.3003666506615197,-0.2101615393587608
111,2.22,Link3,,body,True,default_tool_frame,0.0,0.0,0.0,0.0,0.0,0.65,0.0018087739469423642,-0.007091755290420393,1.33024790294027,0.10609770430084597,-0.4153655695082554,1.1319140640986358,0.10428893035390362,-0.408273814217835,-0.19833383884163427,0.106287,-0.41627,1.132398,0.00018929569915403233,-0.0009044304917446011,0.0004839359013641964,0.0010430826107000212,target_1,0.2500930242561438,-1.3003666506615197,-0.2101615393587608
112,2.24,Link3,,body,True,default_tool_frame,0.0,0.0,0.0,0.0,0.0,0.65,0.0018087739469423642,-0.007091755290420393,1.33024790294027,0.10609770430084597,-0.4153655695082554,1.1319140640986358,0.10428893035390362,-0.408273814217835,-0.19833383884163427,0.106287,-0.41627,1.132398,0.00018929569915403233,-0.0009044304917446011,0.0004839359013641964,0.0010430826107000212,target_1,0.2500930242561438,-1.3003666506615197,-0.2101615393587608
113,2.2600000000000002,Link3,,body,True,default_tool_frame,0.0,0.0,0.0,0.0,0.0,0.65,0.0018087739469423642,-0.007091755290420393,1.33024790294027,0.10609770430084597,-0.4153655695082554,1.1319140640986358,0.10428893035390362,-0.408273814217835,-0.19833383884163427,0.106287,-0.41627,1.132398,0.00018929569915403233,-0.0009044304917446011,0.0004839359013641964,0.0010430826107000212,target_1,0.2500930242561438,-1.3003666506615197,-0.2101615393587608
114,2.2800000000000002,Link3,,body,True,default_tool_frame,0.0,0.0,0.0,0.0,0.0,0.65,0.0018087739469423642,-0.007091755290420393,1.33024790294027,0.10609770430084597,-0.4153655695082554,1.1319140640986358,0.10428893035390362,-0.408273814217835,-0.19833383884163427,0.106287,-0.41627,1.132398,0.00018929569915403233,-0.0009044304917446011,0.0004839359013641964,0.0010430826107000212,target_1,0.2500930242561438,-1.3003666506615197,-0.2101615393587608
115,2.3000000000000003,Link3,,body,True,default_tool_frame,0.0,0.0,0.0,0.0,0.0,0.65,0.0018087739469423642,-0.007091755290420393,1.33024790294027,0.10609770430084597,-0.4153655695082554,1.1319140640986358,0.10428893035390362,-0.408273814217835,-0.19833383884163427,0.106287,-0.41627,1.132398,0.00018929569915403233,-0.0009044304917446011,0.0004839359013641964,0.0010430826107000212,target_1,0.2500930242561438,-1.3003666506615197,-0.2101615393587608
116,2.32,Link3,,body,True,default_tool_frame,0.0,0.0,0.0,0.0,0.0,0.65,0.0018087739469423642,-0.007091755290420393,1.33024790294027,0.10609770430084597,-0.4153655695082554,1.1319140640986358,0.10428893035390362,-0.408273814217835,-0.19833383884163427,0.106287,-0.41627,1.132398,0.00018929569915403233,-0.0009044304917446011,0.0004839359013641964,0.0010430826107000212,target_1,0.2500930242561438,-1.3003666506615197,-0.2101615393587608
117,2.34,Link3,,body,True,default_tool_frame,0.0,0.0,0.0,0.0,0.0,0.65,0.0018087739469423642,-0.007091755290420393,1.33024790294027,0.10609770430084597,-0.4153655695082554,1.1319140640986358,0.10428893035390362,-0.408273814217835,-0.19833383884163427,0.106287,-0.41627,1.132398,0.00018929569915403233,-0.0009044304917446011,0.0004839359013641964,0.0010430826107000212,target_1,0.2500930242561438,-1.3003666506615197,-0.2101615393587608
118,2.36,Link3,,body,True,default_tool_frame,0.0,0.0,0.0,0.0,0.0,0.65,0.0018087739469423642,-0.007091755290420393,1.33024790294027,0.10609770430084597,-0.4153655695082554,1.1319140640986358,0.10428893035390362,-0.408273814217835,-0.19833383884163427,0.106287,-0.41627,1.132398,0.00018929569915403233,-0.0009044304917446011,0.0004839359013641964,0.0010430826107000212,target_1,0.2500930242561438,-1.3003666506615197,-0.2101615393587608
119,2.38,Link3,,body,True,default_tool_frame,0.0,0.0,0.0,0.0,0.0,0.65,0.0018087739469423642,-0.007091755290420393,1.33024790294027,0.10609770430084597,-0.4153655695082554,1.1319140640986358,0.10428893035390362,-0.408273814217835,-0.19833383884163427,0.106287,-0.41627,1.132398,0.00018929569915403233,-0.0009044304917446011,0.0004839359013641964,0.0010430826107000212,target_1,0.2500930242561438,-1.3003666506615197,-0.2101615393587608
120,2.4,Link3,,body,True,default_tool_frame,0.0,0.0,0.0,0.0,0.0,0.65,0.0018087739469423642,-0.007091755290420393,1.33024790294027,0.10609770430084597,-0.4153655695082554,1.1319140640986358,0.10428893035390362,-0.408273814217835,-0.19833383884163427,0.106287,-0.41627,1.132398,0.00018929569915403233,-0.0009044304917446011,0.0004839359013641964,0.0010430826107000212,target_1,0.2500930242561438,-1.3003666506615197,-0.2101615393587608
121,2.42,Link3,,body,True,default_tool_frame,0.0,0.0,0.0,0.0,0.0,0.65,0.0018087739469423642,-0.007091755290420393,1.33024790294027,0.10609770430084597,-0.4153655695082554,1.1319140640986358,0.10428893035390362,-0.408273814217835,-0.19833383884163427,0.106287,-0.41627,1.132398,0.00018929569915403233,-0.0009044304917446011,0.0004839359013641964,0.0010430826107000212,target_1,0.2500930242561438,-1.3003666506615197,-0.2101615393587608
122,2.44,Link3,,body,True,default_tool_frame,0.0,0.0,0.0,0.0,0.0,0.65,0.0018087739469423642,-0.007091755290420393,1.33024790294027,0.10609770430084597,-0.4153655695082554,1.1319140640986358,0.10428893035390362,-0.408273814217835,-0.19833383884163427,0.106287,-0.41627,1.132398,0.00018929569915403233,-0.0009044304917446011,0.0004839359013641964,0.0010430826107000212,target_1,0.2500930242561438,-1.3003666506615197,-0.2101615393587608
123,2.46,Link3,,body,True,default_tool_frame,0.0,0.0,0.0,0.0,0.0,0.65,0.0018087739469423642,-0.007091755290420393,1.33024790294027,0.10609770430084597,-0.4153655695082554,1.1319140640986358,0.10428893035390362,-0.408273814217835,-0.19833383884163427,0.106287,-0.41627,1.132398,0.00018929569915403233,-0.0009044304917446011,0.0004839359013641964,0.0010430826107000212,target_1,0.2500930242561438,-1.3003666506615197,-0.2101615393587608
124,2.48,Link3,,body,True,default_tool_frame,0.0,0.0,0.0,0.0,0.0,0.65,0.0018087739469423642,-0.007091755290420393,1.33024790294027,0.10609770430084597,-0.4153655695082554,1.1319140640986358,0.10428893035390362,-0.408273814217835,-0.19833383884163427,0.106287,-0.41627,1.132398,0.00018929569915403233,-0.0009044304917446011,0.0004839359013641964,0.0010430826107000212,target_1,0.2500930242561438,-1.3003666506615197,-0.2101615393587608
125,2.5,Link3,,body,True,default_tool_frame,0.0,0.0,0.0,0.0,0.0,0.65,0.0018087739469423642,-0.007091755290420393,1.33024790294027,0.10609770430084597,-0.4153655695082554,1.1319140640986358,0.10428893035390362,-0.408273814217835,-0.19833383884163427,0.106287,-0.41627,1.132398,0.00018929569915403233,-0.0009044304917446011,0.0004839359013641964,0.0010430826107000212,target_1,0.2500930242561438,-1.3003666506615197,-0.2101615393587608
126,2.52,Link3,,body,True,default_tool_frame,0.0,0.0,0.0,0.0,0.0,0.65,0.0018087739469423642,-0.007091755290420393,1.33024790294027,0.10609770430084597,-0.4153655695082554,1.1319140640986358,0.10428893035390362,-0.408273814217835,-0.19833383884163427,0.106287,-0.41627,1.132398,0.00018929569915403233,-0.0009044304917446011,0.0004839359013641964,0.0010430826107000212,target_1,0.2500930242561438,-1.3003666506615197,-0.2101615393587608
127,2.54,Link3,,body,True,default_tool_frame,0.0,0.0,0.0,0.0,0.0,0.65,0.0018087739469423642,-0.007091755290420393,1.33024790294027,0.10609770430084597,-0.4153655695082554,1.1319140640986358,0.10428893035390362,-0.408273814217835,-0.19833383884163427,0.106287,-0.41627,1.132398,0.00018929569915403233,-0.0009044304917446011,0.0004839359013641964,0.0010430826107000212,target_1,0.2500930242561438,-1.3003666506615197,-0.2101615393587608
128,2.56,Link3,,body,True,default_tool_frame,0.0,0.0,0.0,0.0,0.0,0.65,0.0018087739469423642,-0.007091755290420393,1.33024790294027,0.10609770430084597,-0.4153655695082554,1.1319140640986358,0.10428893035390362,-0.408273814217835,-0.19833383884163427,0.106287,-0.41627,1.132398,0.00018929569915403233,-0.0009044304917446011,0.0004839359013641964,0.0010430826107000212,target_1,0.2500930242561438,-1.3003666506615197,-0.2101615393587608
