time_seconds,joint_1_desired,joint_1_actual,joint_1_error,joint_2_desired,joint_2_actual,joint_2_error,joint_3_desired,joint_3_actual,joint_3_error,joint_4_desired,joint_4_actual,joint_4_error,joint_5_desired,joint_5_actual,joint_5_error,joint_6_desired,joint_6_actual,joint_6_error
0.0,0.0025000000000000005,0.0004500000000000001,-0.0020500000000000006,-0.0012500000000000002,-0.00022500000000000005,0.0010250000000000003,0.001875,0.00033749999999999996,-0.0015375,0.0,0.0,0.0,0.0,0.0,0.0,0.0,0.0,0.0
0.005,0.005000000000000001,0.0012690000000000002,-0.003731000000000001,-0.0025000000000000005,-0.0006345000000000001,0.0018655000000000004,0.00375,0.0009517499999999999,-0.00279825,0.0,0.0,0.0,0.0,0.0,0.0,0.0,0.0,0.0
0.01,0.0075,0.00239058,-0.00510942,-0.00375,-0.00119529,0.00255471,0.005625,0.0017929349999999998,-0.003832065,0.0,0.0,0.0,0.0,0.0,0.0,0.0,0.0,0.0
0.015,0.010000000000000002,0.0037602756,-0.006239724400000002,-0.005000000000000001,-0.0018801378,0.003119862200000001,0.0075,0.0028202067,-0.0046797933,0.0,0.0,0.0,0.0,0.0,0.0,0.0,0.0,0.0
0.02,0.0125,0.0053334259920000005,-0.007166574008,-0.00625,-0.0026667129960000003,0.003583287004,0.009375,0.004000069494,-0.005374930506,0.0,0.0,0.0,0.0,0.0,0.0,0.0,0.0,0.0
0.025,0.015,0.007073409313440001,-0.007926590686559999,-0.0075,-0.0035367046567200003,0.003963295343279999,0.01125,0.00530505698508,-0.0059449430149199995,0.0,0.0,0.0,0.0,0.0,0.0,0.0,0.0,0.0
0.03,0.017499999999999998,0.0089501956370208,-0.008549804362979198,-0.008749999999999999,-0.0044750978185104,0.004274902181489599,0.013125,0.0067126467277656,-0.0064123532722344,0.0,0.0,0.0,0.0,0.0,0.0,0.0,0.0,0.0
0.035,0.020000000000000004,0.010939160422357057,-0.009060839577642947,-0.010000000000000002,-0.005469580211178529,0.004530419788821473,0.015,0.008204370316767792,-0.006795629683232208,0.0,0.0,0.0,0.0,0.0,0.0,0.0,0.0,0.0
0.04,0.022500000000000003,0.013020111546332787,-0.009479888453667215,-0.011250000000000001,-0.006510055773166394,0.004739944226833608,0.016875,0.009765083659749589,-0.007109916340250412,0.0,0.0,0.0,0.0,0.0,0.0,0.0,0.0,0.0
0.045,0.025,0.015176491467992886,-0.009823508532007115,-0.0125,-0.007588245733996443,0.004911754266003558,0.01875,0.011382368600994662,-0.007367631399005337,0.0,0.0,0.0,0.0,0.0,0.0,0.0,0.0,0.0
0.05,0.027500000000000004,0.017394723003754168,-0.010105276996245836,-0.013750000000000002,-0.008697361501877084,0.005052638498122918,0.020625,0.013046042252815623,-0.007578957747184378,0.0,0.0,0.0,0.0,0.0,0.0,0.0,0.0,0.0
0.055,0.03,0.019663672863078418,-0.010336327136921581,-0.015,-0.009831836431539209,0.0051681635684607905,0.0225,0.01474775464730881,-0.007752245352691188,0.0,0.0,0.0,0.0,0.0,0.0,0.0,0.0,0.0
0.06,0.0325,0.021974211747724303,-0.010525788252275698,-0.01625,-0.010987105873862152,0.005262894126137849,0.024375,0.016480658810793226,-0.007894341189206774,0.0,0.0,0.0,0.0,0.0,0.0,0.0,0.0,0.0
0.065,0.034999999999999996,0.02431885363313393,-0.010681146366866068,-0.017499999999999998,-0.012159426816566964,0.005340573183433034,0.02625,0.018239140224850445,-0.008010859775149554,0.0,0.0,0.0,0.0,0.0,0.0,0.0,0.0,0.0
0.07,0.037500000000000006,0.026691459979169822,-0.010808540020830183,-0.018750000000000003,-0.013345729989584911,0.005404270010415092,0.028124999999999997,0.020018594984377365,-0.008106405015622632,0.0,0.0,0.0,0.0,0.0,0.0,0.0,0.0,0.0
0.075,0.04000000000000001,0.029086997182919256,-0.010913002817080752,-0.020000000000000004,-0.014543498591459628,0.005456501408540376,0.03,0.02181524788718944,-0.00818475211281056,0.0,0.0,0.0,0.0,0.0,0.0,0.0,0.0,0.0
0.08,0.0425,0.03150133768999379,-0.010998662310006214,-0.02125,-0.015750668844996894,0.005499331155003107,0.031875,0.02362600326749534,-0.008248996732504659,0.0,0.0,0.0,0.0,0.0,0.0,0.0,0.0,0.0
0.085,0.045000000000000005,0.033931096905794905,-0.0110689030942051,-0.022500000000000003,-0.016965548452897453,0.00553445154710255,0.03375,0.02544832267934618,-0.008301677320653823,0.0,0.0,0.0,0.0,0.0,0.0,0.0,0.0,0.0
0.09,0.0475,0.03637349946275182,-0.011126500537248181,-0.02375,-0.01818674973137591,0.0055632502686240905,0.035625,0.027280124597063866,-0.00834487540293613,0.0,0.0,0.0,0.0,0.0,0.0,0.0,0.0,0.0
0.095,0.05,0.03882626955945649,-0.011173730440543511,-0.025,-0.019413134779728246,0.005586865220271756,0.0375,0.02911970216959237,-0.00838029783040763,0.0,0.0,0.0,0.0,0.0,0.0,0.0,0.0,0.0
0.1,0.052500000000000005,0.04128754103875432,-0.011212458961245682,-0.026250000000000002,-0.02064377051937716,0.005606229480622841,0.039375,0.030965655779065744,-0.008409344220934256,0.0,0.0,0.0,0.0,0.0,0.0,0.0,0.0,0.0
0.105,0.05500000000000001,0.04375578365177855,-0.01124421634822146,-0.027500000000000004,-0.021877891825889274,0.00562210817411073,0.04125,0.03281683773883391,-0.00843316226116609,0.0,0.0,0.0,0.0,0.0,0.0,0.0,0.0,0.0
0.11,0.057499999999999996,0.04622974259445841,-0.011270257405541585,-0.028749999999999998,-0.023114871297229205,0.005635128702770793,0.043125,0.034672306945843806,-0.00845269305415619,0.0,0.0,0.0,0.0,0.0,0.0,0.0,0.0,0.0
0.115,0.06,0.048708388927455895,-0.011291611072544103,-0.03,-0.024354194463727948,0.005645805536272051,0.045,0.03653129169559192,-0.00846870830440808,0.0,0.0,0.0,0.0,0.0,0.0,0.0,0.0,0.0
0.12,0.0625,0.051190878920513834,-0.011309121079486166,-0.03125,-0.025595439460256917,0.005654560539743083,0.046875,0.03839315919038537,-0.00848184080961463,0.0,0.0,0.0,0.0,0.0,0.0,0.0,0.0,0.0
0.125,0.065,0.053676520714821346,-0.011323479285178656,-0.0325,-0.026838260357410673,0.005661739642589328,0.04875,0.040257390536116,-0.008492609463883999,0.0,0.0,0.0,0.0,0.0,0.0,0.0,0.0,0.0
0.13,0.0675,0.05616474698615351,-0.011335253013846497,-0.03375,-0.028082373493076754,0.005667626506923248,0.050625,0.042123560239615124,-0.00850143976038488,0.0,0.0,0.0,0.0,0.0,0.0,0.0,0.0,0.0
0.135,0.06999999999999999,0.058655092528645876,-0.011344907471354117,-0.034999999999999996,-0.029327546264322938,0.005672453735677058,0.0525,0.0439913193964844,-0.008508680603515596,0.0,0.0,0.0,0.0,0.0,0.0,0.0,0.0,0.0
0.14,0.0725,0.06114717587348962,-0.011352824126510376,-0.03625,-0.03057358793674481,0.005676412063255188,0.054375,0.04586038190511721,-0.00851461809488279,0.0,0.0,0.0,0.0,0.0,0.0,0.0,0.0,0.0
0.145,0.07500000000000001,0.06364068421626148,-0.011359315783738527,-0.037500000000000006,-0.03182034210813074,0.005679657891869264,0.056249999999999994,0.04773051316219611,-0.008519486837803882,0.0,0.0,0.0,0.0,0.0,0.0,0.0,0.0,0.0
0.15,0.07750000000000001,0.06613536105733442,-0.011364638942665595,-0.03875000000000001,-0.03306768052866721,0.005682319471332797,0.058124999999999996,0.049601520793000814,-0.008523479206999182,0.0,0.0,0.0,0.0,0.0,0.0,0.0,0.0,0.0
0.155,0.08000000000000002,0.06863099606701423,-0.011369003932985788,-0.04000000000000001,-0.034315498033507114,0.005684501966492894,0.06,0.05147324705026067,-0.008526752949739327,0.0,0.0,0.0,0.0,0.0,0.0,0.0,0.0,0.0
0.16,0.0825,0.07112741677495167,-0.011372583225048333,-0.04125,-0.035563708387475836,0.005686291612524166,0.06187499999999999,0.05334556258121375,-0.008529437418786243,0.0,0.0,0.0,0.0,0.0,0.0,0.0,0.0,0.0
0.165,0.085,0.07362448175546037,-0.01137551824453964,-0.0425,-0.03681224087773018,0.00568775912226982,0.06375,0.05521836131659528,-0.008531638683404723,0.0,0.0,0.0,0.0,0.0,0.0,0.0,0.0,0.0
0.17,0.08750000000000001,0.0761220750394775,-0.011377924960522506,-0.043750000000000004,-0.03806103751973875,0.005688962480261253,0.065625,0.05709155627960813,-0.008533443720391873,0.0,0.0,0.0,0.0,0.0,0.0,0.0,0.0,0.0
0.17500000000000002,0.09000000000000001,0.07862010153237155,-0.011379898467628463,-0.045000000000000005,-0.039310050766185774,0.0056899492338142316,0.0675,0.058965076149278664,-0.00853492385072134,0.0,0.0,0.0,0.0,0.0,0.0,0.0,0.0,0.0
0.18,0.09250000000000001,0.08111848325654467,-0.011381516743455347,-0.046250000000000006,-0.04055924162827233,0.005690758371727674,0.069375,0.060838862442408506,-0.0085361375575915,0.0,0.0,0.0,0.0,0.0,0.0,0.0,0.0,0.0
0.185,0.095,0.08361715627036663,-0.011382843729633371,-0.0475,-0.041808578135183315,0.005691421864816686,0.07125,0.06271286720277497,-0.008537132797225025,0.0,0.0,0.0,0.0,0.0,0.0,0.0,0.0,0.0
0.19,0.0975,0.08611606814170064,-0.011383931858299362,-0.04875,-0.04305803407085032,0.005691965929149681,0.073125,0.06458705110627547,-0.008537948893724528,0.0,0.0,0.0,0.0,0.0,0.0,0.0,0.0,0.0
0.195,0.1,0.08861517587619452,-0.011384824123805481,-0.05,-0.04430758793809726,0.005692412061902741,0.075,0.06646138190714589,-0.008538618092854111,0.0,0.0,0.0,0.0,0.0,0.0,0.0,0.0,0.0
0.2,0.1025,0.09111444421847952,-0.011385555781520479,-0.05125,-0.04555722210923976,0.0056927778907602394,0.07687499999999999,0.06833583316385962,-0.008539166836140366,0.0,0.0,0.0,0.0,0.0,0.0,0.0,0.0,0.0
0.20500000000000002,0.10500000000000001,0.0936138442591532,-0.01138615574084681,-0.052500000000000005,-0.0468069221295766,0.005693077870423405,0.07875,0.07021038319436489,-0.008539616805635114,0.0,0.0,0.0,0.0,0.0,0.0,0.0,0.0,0.0
0.21,0.1075,0.09611335229250563,-0.011386647707494368,-0.05375,-0.048056676146252815,0.005693323853747184,0.08062499999999999,0.0720850142193792,-0.00853998578062079,0.0,0.0,0.0,0.0,0.0,0.0,0.0,0.0,0.0
0.215,0.11000000000000001,0.09861294887985463,-0.011387051120145389,-0.05500000000000001,-0.04930647443992731,0.0056935255600726944,0.0825,0.07395971165989094,-0.008540288340109059,0.0,0.0,0.0,0.0,0.0,0.0,0.0,0.0,0.0
0.22,0.1125,0.1011126180814808,-0.011387381918519207,-0.05625,-0.0505563090407404,0.0056936909592596036,0.08437499999999999,0.07583446356111058,-0.008540536438889412,0.0,0.0,0.0,0.0,0.0,0.0,0.0,0.0,0.0
0.225,0.11499999999999999,0.10361234682681425,-0.011387653173185741,-0.057499999999999996,-0.051806173413407125,0.0056938265865928706,0.08625,0.07770926012011067,-0.00854073987988932,0.0,0.0,0.0,0.0,0.0,0.0,0.0,0.0,0.0
0.23,0.11750000000000001,0.10611212439798769,-0.01138787560201232,-0.058750000000000004,-0.05305606219899384,0.00569393780100616,0.088125,0.07958409329849075,-0.00854090670150924,0.0,0.0,0.0,0.0,0.0,0.0,0.0,0.0,0.0
0.23500000000000001,0.12,0.1086119420063499,-0.0113880579936501,-0.06,-0.05430597100317495,0.00569402899682505,0.09,0.08145895650476241,-0.008541043495237585,0.0,0.0,0.0,0.0,0.0,0.0,0.0,0.0,0.0
0.24,0.12250000000000001,0.11111179244520691,-0.011388207554793098,-0.061250000000000006,-0.05555589622260346,0.005694103777396549,0.091875,0.08333384433390517,-0.008541155666094827,0.0,0.0,0.0,0.0,0.0,0.0,0.0,0.0,0.0
0.245,0.125,0.11361166980506968,-0.011388330194930324,-0.0625,-0.05680583490253484,0.005694165097465162,0.09375,0.08520875235380224,-0.008541247646197764,0.0,0.0,0.0,0.0,0.0,0.0,0.0,0.0,0.0
0.25,0.1275,0.11611156924015713,-0.011388430759842874,-0.06375,-0.058055784620078564,0.005694215379921437,0.09562499999999999,0.08708367693011783,-0.008541323069882159,0.0,0.0,0.0,0.0,0.0,0.0,0.0,0.0,0.0
0.255,0.13,0.11861148677692884,-0.011388513223071162,-0.065,-0.05930574338846442,0.005694256611535581,0.0975,0.08895861508269662,-0.008541384917303385,0.0,0.0,0.0,0.0,0.0,0.0,0.0,0.0,0.0
0.26,0.1325,0.12111141915708165,-0.011388580842918355,-0.06625,-0.060555709578540826,0.005694290421459178,0.09937499999999999,0.09083356436781123,-0.00854143563218876,0.0,0.0,0.0,0.0,0.0,0.0,0.0,0.0,0.0
0.265,0.135,0.12361136370880696,-0.01138863629119305,-0.0675,-0.06180568185440348,0.005694318145596525,0.10125,0.09270852278160521,-0.008541477218394794,0.0,0.0,0.0,0.0,0.0,0.0,0.0,0.0,0.0
0.27,0.1375,0.1261113182412217,-0.011388681758778302,-0.06875,-0.06305565912061085,0.005694340879389151,0.103125,0.09458348868091628,-0.00854151131908372,0.0,0.0,0.0,0.0,0.0,0.0,0.0,0.0,0.0
0.275,0.13999999999999999,0.1286112809578018,-0.011388719042198181,-0.06999999999999999,-0.0643056404789009,0.0056943595210990905,0.105,0.09645846071835135,-0.00854153928164865,0.0,0.0,0.0,0.0,0.0,0.0,0.0,0.0,0.0
0.28,0.14250000000000002,0.13111125038539748,-0.011388749614602539,-0.07125000000000001,-0.06555562519269874,0.0056943748073012695,0.106875,0.0983334377890481,-0.008541562210951897,0.0,0.0,0.0,0.0,0.0,0.0,0.0,0.0,0.0
0.28500000000000003,0.145,0.13361122531602593,-0.011388774683974062,-0.0725,-0.06680561265801296,0.005694387341987031,0.10875,0.10020841898701945,-0.008541581012980554,0.0,0.0,0.0,0.0,0.0,0.0,0.0,0.0,0.0
0.29,0.14750000000000002,0.13611120475914126,-0.011388795240858757,-0.07375000000000001,-0.06805560237957063,0.005694397620429378,0.110625,0.10208340356935594,-0.00854159643064406,0.0,0.0,0.0,0.0,0.0,0.0,0.0,0.0,0.0
0.295,0.15000000000000002,0.13861118790249585,-0.01138881209750417,-0.07500000000000001,-0.06930559395124793,0.005694406048752085,0.11249999999999999,0.10395839092687187,-0.00854160907312812,0.0,0.0,0.0,0.0,0.0,0.0,0.0,0.0,0.0
0.3,0.1525,0.1411111740800466,-0.01138882591995341,-0.07625,-0.0705555870400233,0.005694412959976705,0.11437499999999999,0.10583338056003493,-0.008541619439965065,0.0,0.0,0.0,0.0,0.0,0.0,0.0,0.0,0.0
0.305,0.15500000000000003,0.1436111627456382,-0.011388837254361822,-0.07750000000000001,-0.0718055813728191,0.005694418627180911,0.11624999999999999,0.10770837205922863,-0.00854162794077136,0.0,0.0,0.0,0.0,0.0,0.0,0.0,0.0,0.0
0.31,0.1575,0.14611115345142334,-0.011388846548576664,-0.07875,-0.07305557672571167,0.005694423274288332,0.118125,0.10958336508856747,-0.008541634911432519,0.0,0.0,0.0,0.0,0.0,0.0,0.0,0.0,0.0
0.315,0.16000000000000003,0.14861114583016713,-0.011388854169832902,-0.08000000000000002,-0.07430557291508356,0.005694427084916451,0.12,0.11145835937262533,-0.00854164062737467,0.0,0.0,0.0,0.0,0.0,0.0,0.0,0.0,0.0
0.32,0.1625,0.15111113958073705,-0.011388860419262958,-0.08125,-0.07555556979036852,0.005694430209631479,0.121875,0.11333335468555276,-0.008541645314447233,0.0,0.0,0.0,0.0,0.0,0.0,0.0,0.0,0.0
0.325,0.165,0.1536111344562044,-0.011388865543795618,-0.0825,-0.0768055672281022,0.005694432771897809,0.12374999999999999,0.11520835084215326,-0.00854164915784672,0.0,0.0,0.0,0.0,0.0,0.0,0.0,0.0,0.0
0.33,0.1675,0.1561111302540876,-0.011388869745912411,-0.08375,-0.0780555651270438,0.0056944348729562055,0.125625,0.11708334769056568,-0.008541652309434308,0.0,0.0,0.0,0.0,0.0,0.0,0.0,0.0,0.0
0.335,0.17,0.15861112680835182,-0.011388873191648191,-0.085,-0.07930556340417591,0.0056944365958240956,0.1275,0.11895834510626385,-0.00854165489373615,0.0,0.0,0.0,0.0,0.0,0.0,0.0,0.0,0.0
0.34,0.17250000000000001,0.1611111239828485,-0.011388876017151522,-0.08625000000000001,-0.08055556199142425,0.005694438008575761,0.129375,0.12083334298713636,-0.008541657012863635,0.0,0.0,0.0,0.0,0.0,0.0,0.0,0.0,0.0
0.34500000000000003,0.17500000000000002,0.16361112166593578,-0.01138887833406424,-0.08750000000000001,-0.08180556083296789,0.00569443916703212,0.13125,0.12270834124945182,-0.008541658750548187,0.0,0.0,0.0,0.0,0.0,0.0,0.0,0.0,0.0
0.35000000000000003,0.1775,0.16611111976606732,-0.011388880233932669,-0.08875,-0.08305555988303366,0.0056944401169663345,0.133125,0.12458333982455048,-0.008541660175449509,0.0,0.0,0.0,0.0,0.0,0.0,0.0,0.0,0.0
0.355,0.18000000000000002,0.1686111182081752,-0.011388881791824818,-0.09000000000000001,-0.0843055591040876,0.005694440895912409,0.135,0.1264583386561314,-0.008541661343868606,0.0,0.0,0.0,0.0,0.0,0.0,0.0,0.0,0.0
0.36,0.1825,0.17111111693070366,-0.011388883069296335,-0.09125,-0.08555555846535183,0.0056944415346481675,0.136875,0.12833333769802774,-0.008541662301972258,0.0,0.0,0.0,0.0,0.0,0.0,0.0,0.0,0.0
0.365,0.18500000000000003,0.17361111588317701,-0.011388884116823011,-0.09250000000000001,-0.08680555794158851,0.005694442058411506,0.13875,0.13020833691238276,-0.008541663087617252,0.0,0.0,0.0,0.0,0.0,0.0,0.0,0.0,0.0
0.37,0.1875,0.17611111502420515,-0.01138888497579485,-0.09375,-0.08805555751210258,0.005694442487897425,0.140625,0.13208333626815386,-0.008541663731846144,0.0,0.0,0.0,0.0,0.0,0.0,0.0,0.0,0.0
0.375,0.19,0.17861111431984822,-0.011388885680151783,-0.095,-0.08930555715992411,0.005694442840075892,0.1425,0.13395833573988616,-0.008541664260113824,0.0,0.0,0.0,0.0,0.0,0.0,0.0,0.0,0.0
0.38,0.1925,0.18111111374227554,-0.011388886257724468,-0.09625,-0.09055555687113777,0.005694443128862234,0.144375,0.13583333530670666,-0.008541664693293344,0.0,0.0,0.0,0.0,0.0,0.0,0.0,0.0,0.0
0.385,0.195,0.18361111326866594,-0.011388886731334064,-0.0975,-0.09180555663433297,0.005694443365667032,0.14625,0.13770833495149945,-0.00854166504850054,0.0,0.0,0.0,0.0,0.0,0.0,0.0,0.0,0.0
0.39,0.1975,0.18611111288030607,-0.011388887119693936,-0.09875,-0.09305555644015304,0.005694443559846968,0.148125,0.13958333466022954,-0.008541665339770466,0.0,0.0,0.0,0.0,0.0,0.0,0.0,0.0,0.0
0.395,0.2,0.18861111256185098,-0.011388887438149031,-0.1,-0.09430555628092549,0.005694443719074516,0.15,0.14145833442138822,-0.008541665578611773,0.0,0.0,0.0,0.0,0.0,0.0,0.0,0.0,0.0
