step_index,time_seconds,right_arm_target_1,right_arm_target_2,right_arm_target_3,right_arm_target_4,right_arm_target_5,right_arm_target_6,qpos_0,qpos_1,qpos_2,qpos_3,qpos_4,qpos_5,qpos_6,qpos_7,qpos_8,qpos_9,qpos_10,qpos_11,qpos_12,qpos_13,qpos_14,qpos_15,qpos_16,qpos_17,qpos_18,qpos_19,qpos_20,qpos_21,qpos_22,qpos_23,qpos_24,qpos_25,qpos_26,qpos_27,qpos_28,arm_tip_r_x,arm_tip_r_y,arm_tip_r_z,robot_tip_r_x,robot_tip_r_y,robot_tip_r_z
0,0.0,0.0025000000000000005,-0.0012500000000000002,0.001875,0.0006250000000000001,-0.0006250000000000001,0.000375,0.0,0.0,0.0,1.0,0.0,0.0,0.0,0.0025000000000000005,-0.0012500000000000002,0.001875,0.0006250000000000001,-0.0006250000000000001,0.000375,0.0,0.0,0.0,0.0,0.0,0.0,1.0,0.0,0.0,0.0,0.0,1.0,0.0,0.0,0.0,0.0,0.64625,-0.24250000000000002,-0.11135,0.9627208205073559,-0.16520191248866678,0.0005335207557787179
1,0.005,0.005000000000000001,-0.0025000000000000005,0.00375,0.0012500000000000002,-0.0012500000000000002,0.00075,0.0,0.0,0.0,1.0,0.0,0.0,0.0,0.005000000000000001,-0.0025000000000000005,0.00375,0.0012500000000000002,-0.0012500000000000002,0.00075,0.0,0.0,0.0,0.0,0.0,0.0,1.0,0.0,0.0,0.0,0.0,1.0,0.0,0.0,0.0,0.0,0.64625,-0.24250000000000002,-0.11135,0.9626559690430838,-0.1629041202266777,0.0002670771798008913
2,0.01,0.0075,-0.00375,0.005625,0.001875,-0.001875,0.001125,0.0,0.0,0.0,1.0,0.0,0.0,0.0,0.0075,-0.00375,0.005625,0.001875,-0.001875,0.001125,0.0,0.0,0.0,0.0,0.0,0.0,1.0,0.0,0.0,0.0,0.0,1.0,0.0,0.0,0.0,0.0,0.64625,-0.24250000000000002,-0.11135,0.9625844468050906,-0.1606066442437757,6.698820436813206e-07
3,0.015,0.010000000000000002,-0.005000000000000001,0.0075,0.0025000000000000005,-0.0025000000000000005,0.0015,0.0,0.0,0.0,1.0,0.0,0.0,0.0,0.010000000000000002,-0.005000000000000001,0.0075,0.0025000000000000005,-0.0025000000000000005,0.0015,0.0,0.0,0.0,0.0,0.0,0.0,1.0,0.0,0.0,0.0,0.0,1.0,0.0,0.0,0.0,0.0,0.64625,-0.24250000000000002,-0.11135,0.9625062550611557,-0.15830950556514758,-0.0002657005275851873
4,0.02,0.0125,-0.00625,0.009375,0.003125,-0.003125,0.001875,0.0,0.0,0.0,1.0,0.0,0.0,0.0,0.0125,-0.00625,0.009375,0.003125,-0.003125,0.001875,0.0,0.0,0.0,0.0,0.0,0.0,1.0,0.0,0.0,0.0,0.0,1.0,0.0,0.0,0.0,0.0,0.64625,-0.24250000000000002,-0.11135,0.9624213951489179,-0.15601272521118356,-0.0005320334392483749
5,0.025,0.015,-0.0075,0.01125,0.00375,-0.00375,0.00225,0.0,0.0,0.0,1.0,0.0,0.0,0.0,0.015,-0.0075,0.01125,0.00375,-0.00375,0.00225,0.0,0.0,0.0,0.0,0.0,0.0,1.0,0.0,0.0,0.0,0.0,1.0,0.0,0.0,0.0,0.0,0.64625,-0.24250000000000002,-0.11135,0.962329868475855,-0.15371632419723694,-0.0007983282431797455
6,0.03,0.017499999999999998,-0.008749999999999999,0.013125,0.0043749999999999995,-0.0043749999999999995,0.0026249999999999997,0.0,0.0,0.0,1.0,0.0,0.0,0.0,0.017499999999999998,-0.008749999999999999,0.013125,0.0043749999999999995,-0.0043749999999999995,0.0026249999999999997,0.0,0.0,0.0,0.0,0.0,0.0,1.0,0.0,0.0,0.0,0.0,1.0,0.0,0.0,0.0,0.0,0.64625,-0.24250000000000002,-0.11135,0.962231676519266,-0.15142032353338397,-0.001064584329685273
7,0.035,0.020000000000000004,-0.010000000000000002,0.015,0.005000000000000001,-0.005000000000000001,0.003,0.0,0.0,0.0,1.0,0.0,0.0,0.0,0.020000000000000004,-0.010000000000000002,0.015,0.005000000000000001,-0.005000000000000001,0.003,0.0,0.0,0.0,0.0,0.0,0.0,1.0,0.0,0.0,0.0,0.0,1.0,0.0,0.0,0.0,0.0,0.64625,-0.24250000000000002,-0.11135,0.9621268208262519,-0.1491247442241834,-0.0013308010891437305
8,0.04,0.022500000000000003,-0.011250000000000001,0.016875,0.005625000000000001,-0.005625000000000001,0.003375,0.0,0.0,0.0,1.0,0.0,0.0,0.0,0.022500000000000003,-0.011250000000000001,0.016875,0.005625000000000001,-0.005625000000000001,0.003375,0.0,0.0,0.0,0.0,0.0,0.0,1.0,0.0,0.0,0.0,0.0,1.0,0.0,0.0,0.0,0.0,0.64625,-0.24250000000000002,-0.11135,0.9620153030136941,-0.14682960726843675,-0.0015969779120076826
9,0.045,0.025,-0.0125,0.01875,0.00625,-0.00625,0.00375,0.0,0.0,0.0,1.0,0.0,0.0,0.0,0.025,-0.0125,0.01875,0.00625,-0.00625,0.00375,0.0,0.0,0.0,0.0,0.0,0.0,1.0,0.0,0.0,0.0,0.0,1.0,0.0,0.0,0.0,0.0,0.64625,-0.24250000000000002,-0.11135,0.9618971247682343,-0.14453493365894804,-0.0018631141888041278
10,0.05,0.027500000000000004,-0.013750000000000002,0.020625,0.006875000000000001,-0.006875000000000001,0.004125,0.0,0.0,0.0,1.0,0.0,0.0,0.0,0.027500000000000004,-0.013750000000000002,0.020625,0.006875000000000001,-0.006875000000000001,0.004125,0.0,0.0,0.0,0.0,0.0,0.0,1.0,0.0,0.0,0.0,0.0,1.0,0.0,0.0,0.0,0.0,0.64625,-0.24250000000000002,-0.11135,0.961772287846252,-0.14224074438228373,-0.0021292093101356402
11,0.055,0.03,-0.015,0.0225,0.0075,-0.0075,0.0045,0.0,0.0,0.0,1.0,0.0,0.0,0.0,0.03,-0.015,0.0225,0.0075,-0.0075,0.0045,0.0,0.0,0.0,0.0,0.0,0.0,1.0,0.0,0.0,0.0,0.0,1.0,0.0,0.0,0.0,0.0,0.64625,-0.24250000000000002,-0.11135,0.9616407940738427,-0.13994706041853322,-0.002395262666680845
12,0.06,0.0325,-0.01625,0.024375,0.008125,-0.008125,0.004875,0.0,0.0,0.0,1.0,0.0,0.0,0.0,0.0325,-0.01625,0.024375,0.008125,-0.008125,0.004875,0.0,0.0,0.0,0.0,0.0,0.0,1.0,0.0,0.0,0.0,0.0,1.0,0.0,0.0,0.0,0.0,0.64625,-0.24250000000000002,-0.11135,0.9615026453467926,-0.13765390274106865,-0.002661273649195545
13,0.065,0.034999999999999996,-0.017499999999999998,0.02625,0.008749999999999999,-0.008749999999999999,0.0052499999999999995,0.0,0.0,0.0,1.0,0.0,0.0,0.0,0.034999999999999996,-0.017499999999999998,0.02625,0.008749999999999999,-0.008749999999999999,0.0052499999999999995,0.0,0.0,0.0,0.0,0.0,0.0,1.0,0.0,0.0,0.0,0.0,1.0,0.0,0.0,0.0,0.0,0.64625,-0.24250000000000002,-0.11135,0.9613578436305537,-0.13536129231630542,-0.002927241648513377
14,0.07,0.037500000000000006,-0.018750000000000003,0.028124999999999997,0.009375000000000001,-0.009375000000000001,0.005625,0.0,0.0,0.0,1.0,0.0,0.0,0.0,0.037500000000000006,-0.018750000000000003,0.028124999999999997,0.009375000000000001,-0.009375000000000001,0.005625,0.0,0.0,0.0,0.0,0.0,0.0,1.0,0.0,0.0,0.0,0.0,1.0,0.0,0.0,0.0,0.0,0.64625,-0.24250000000000002,-0.11135,0.9612063909602206,-0.13306925010346263,-0.003193166055546749
15,0.075,0.04000000000000001,-0.020000000000000004,0.03,0.010000000000000002,-0.010000000000000002,0.006,0.0,0.0,0.0,1.0,0.0,0.0,0.0,0.04000000000000001,-0.020000000000000004,0.03,0.010000000000000002,-0.010000000000000002,0.006,0.0,0.0,0.0,0.0,0.0,0.0,1.0,0.0,0.0,0.0,0.0,1.0,0.0,0.0,0.0,0.0,0.64625,-0.24250000000000002,-0.11135,0.961048289440503,-0.13077779705432335,-0.0034590462612875783
16,0.08,0.0425,-0.02125,0.031875,0.010625,-0.010625,0.006375,0.0,0.0,0.0,1.0,0.0,0.0,0.0,0.0425,-0.02125,0.031875,0.010625,-0.010625,0.006375,0.0,0.0,0.0,0.0,0.0,0.0,1.0,0.0,0.0,0.0,0.0,1.0,0.0,0.0,0.0,0.0,0.64625,-0.24250000000000002,-0.11135,0.9608835412456974,-0.12848695411299535,-0.0037248816568082677
17,0.085,0.045000000000000005,-0.022500000000000003,0.03375,0.011250000000000001,-0.011250000000000001,0.00675,0.0,0.0,0.0,1.0,0.0,0.0,0.0,0.045000000000000005,-0.022500000000000003,0.03375,0.011250000000000001,-0.011250000000000001,0.00675,0.0,0.0,0.0,0.0,0.0,0.0,1.0,0.0,0.0,0.0,0.0,1.0,0.0,0.0,0.0,0.0,0.64625,-0.24250000000000002,-0.11135,0.9607121486196611,-0.1261967422156719,-0.003990671633262429
18,0.09,0.0475,-0.02375,0.035625,0.011875,-0.011875,0.007124999999999999,0.0,0.0,0.0,1.0,0.0,0.0,0.0,0.0475,-0.02375,0.035625,0.011875,-0.011875,0.007124999999999999,0.0,0.0,0.0,0.0,0.0,0.0,1.0,0.0,0.0,0.0,0.0,1.0,0.0,0.0,0.0,0.0,0.64625,-0.24250000000000002,-0.11135,0.9605341138757824,-0.12390718229039208,-0.004256415581885691
19,0.095,0.05,-0.025,0.0375,0.0125,-0.0125,0.0075,0.0,0.0,0.0,1.0,0.0,0.0,0.0,0.05,-0.025,0.0375,0.0125,-0.0125,0.0075,0.0,0.0,0.0,0.0,0.0,0.0,1.0,0.0,0.0,0.0,0.0,1.0,0.0,0.0,0.0,0.0,0.64625,-0.24250000000000002,-0.11135,0.9603494393969506,-0.1216182952568022,-0.004522112893996671
20,0.1,0.052500000000000005,-0.026250000000000002,0.039375,0.013125000000000001,-0.013125000000000001,0.007875,0.0,0.0,0.0,1.0,0.0,0.0,0.0,0.052500000000000005,-0.026250000000000002,0.039375,0.013125000000000001,-0.013125000000000001,0.007875,0.0,0.0,0.0,0.0,0.0,0.0,1.0,0.0,0.0,0.0,0.0,1.0,0.0,0.0,0.0,0.0,0.64625,-0.24250000000000002,-0.11135,0.9601581276355267,-0.11933010202591657,-0.004787762960997697
21,0.105,0.05500000000000001,-0.027500000000000004,0.04125,0.013750000000000002,-0.013750000000000002,0.00825,0.0,0.0,0.0,1.0,0.0,0.0,0.0,0.05500000000000001,-0.027500000000000004,0.04125,0.013750000000000002,-0.013750000000000002,0.00825,0.0,0.0,0.0,0.0,0.0,0.0,1.0,0.0,0.0,0.0,0.0,1.0,0.0,0.0,0.0,0.0,0.64625,-0.24250000000000002,-0.11135,0.9599601811133109,-0.11704262349987844,-0.005053365174375655
22,0.11,0.057499999999999996,-0.028749999999999998,0.043125,0.014374999999999999,-0.014374999999999999,0.008624999999999999,0.0,0.0,0.0,1.0,0.0,0.0,0.0,0.057499999999999996,-0.028749999999999998,0.043125,0.014374999999999999,-0.014374999999999999,0.008624999999999999,0.0,0.0,0.0,0.0,0.0,0.0,1.0,0.0,0.0,0.0,0.0,1.0,0.0,0.0,0.0,0.0,0.64625,-0.24250000000000002,-0.11135,0.9597556024215114,-0.11475588057172163,-0.005318918925702881
23,0.115,0.06,-0.03,0.045,0.015,-0.015,0.009,0.0,0.0,0.0,1.0,0.0,0.0,0.0,0.06,-0.03,0.045,0.015,-0.015,0.009,0.0,0.0,0.0,0.0,0.0,0.0,1.0,0.0,0.0,0.0,0.0,1.0,0.0,0.0,0.0,0.0,0.64625,-0.24250000000000002,-0.11135,0.9595443942207105,-0.11246989412513132,-0.005584423606637927
24,0.12,0.0625,-0.03125,0.046875,0.015625,-0.015625,0.009375,0.0,0.0,0.0,1.0,0.0,0.0,0.0,0.0625,-0.03125,0.046875,0.015625,-0.015625,0.009375,0.0,0.0,0.0,0.0,0.0,0.0,1.0,0.0,0.0,0.0,0.0,1.0,0.0,0.0,0.0,0.0,0.64625,-0.24250000000000002,-0.11135,0.9593265592408305,-0.11018468503420603,-0.005849878608926458
25,0.125,0.065,-0.0325,0.04875,0.01625,-0.01625,0.00975,0.0,0.0,0.0,1.0,0.0,0.0,0.0,0.065,-0.0325,0.04875,0.01625,-0.01625,0.00975,0.0,0.0,0.0,0.0,0.0,0.0,1.0,0.0,0.0,0.0,0.0,1.0,0.0,0.0,0.0,0.0,0.64625,-0.24250000000000002,-0.11135,0.9591021002811008,-0.1079002741632189,-0.006115283324402013
26,0.13,0.0675,-0.03375,0.050625,0.016875,-0.016875,0.010125,0.0,0.0,0.0,1.0,0.0,0.0,0.0,0.0675,-0.03375,0.050625,0.016875,-0.016875,0.010125,0.0,0.0,0.0,0.0,0.0,0.0,1.0,0.0,0.0,0.0,0.0,1.0,0.0,0.0,0.0,0.0,0.64625,-0.24250000000000002,-0.11135,0.958871020210021,-0.10561668236637936,-0.006380637144986925
27,0.135,0.06999999999999999,-0.034999999999999996,0.0525,0.017499999999999998,-0.017499999999999998,0.010499999999999999,0.0,0.0,0.0,1.0,0.0,0.0,0.0,0.06999999999999999,-0.034999999999999996,0.0525,0.017499999999999998,-0.017499999999999998,0.010499999999999999,0.0,0.0,0.0,0.0,0.0,0.0,1.0,0.0,0.0,0.0,0.0,1.0,0.0,0.0,0.0,0.0,0.64625,-0.24250000000000002,-0.11135,0.9586333219653238,-0.10333393048759533,-0.006645939462693039
28,0.14,0.0725,-0.03625,0.054375,0.018125,-0.018125,0.010875,0.0,0.0,0.0,1.0,0.0,0.0,0.0,0.0725,-0.03625,0.054375,0.018125,-0.018125,0.010875,0.0,0.0,0.0,0.0,0.0,0.0,1.0,0.0,0.0,0.0,0.0,1.0,0.0,0.0,0.0,0.0,0.64625,-0.24250000000000002,-0.11135,0.958389008553939,-0.10105203936023463,-0.006911189669622737
29,0.145,0.07500000000000001,-0.037500000000000006,0.056249999999999994,0.018750000000000003,-0.018750000000000003,0.01125,0.0,0.0,0.0,1.0,0.0,0.0,0.0,0.07500000000000001,-0.037500000000000006,0.056249999999999994,0.018750000000000003,-0.018750000000000003,0.01125,0.0,0.0,0.0,0.0,0.0,0.0,1.0,0.0,0.0,0.0,0.0,1.0,0.0,0.0,0.0,0.0,0.64625,-0.24250000000000002,-0.11135,0.9581380830519561,-0.09877102980688757,-0.0071763871579695404
30,0.15,0.07750000000000001,-0.03875000000000001,0.058124999999999996,0.019375000000000003,-0.019375000000000003,0.011625,0.0,0.0,0.0,1.0,0.0,0.0,0.0,0.07750000000000001,-0.03875000000000001,0.058124999999999996,0.019375000000000003,-0.019375000000000003,0.011625,0.0,0.0,0.0,0.0,0.0,0.0,1.0,0.0,0.0,0.0,0.0,1.0,0.0,0.0,0.0,0.0,0.64625,-0.24250000000000002,-0.11135,0.9578805486045829,-0.09649092263912906,-0.007441531320019132
31,0.155,0.08000000000000002,-0.04000000000000001,0.06,0.020000000000000004,-0.020000000000000004,0.012,0.0,0.0,0.0,1.0,0.0,0.0,0.0,0.08000000000000002,-0.04000000000000001,0.06,0.020000000000000004,-0.020000000000000004,0.012,0.0,0.0,0.0,0.0,0.0,0.0,1.0,0.0,0.0,0.0,0.0,1.0,0.0,0.0,0.0,0.0,0.64625,-0.24250000000000002,-0.11135,0.9576164084261088,-0.09421173865728069,-0.007706621548149992
32,0.16,0.0825,-0.04125,0.06187499999999999,0.020625,-0.020625,0.012374999999999999,0.0,0.0,0.0,1.0,0.0,0.0,0.0,0.0825,-0.04125,0.06187499999999999,0.020625,-0.020625,0.012374999999999999,0.0,0.0,0.0,0.0,0.0,0.0,1.0,0.0,0.0,0.0,0.0,1.0,0.0,0.0,0.0,0.0,0.64625,-0.24250000000000002,-0.11135,0.9573456657998622,-0.09193349865017378,-0.00797165723483452
33,0.165,0.085,-0.0425,0.06375,0.02125,-0.02125,0.01275,0.0,0.0,0.0,1.0,0.0,0.0,0.0,0.085,-0.0425,0.06375,0.02125,-0.02125,0.01275,0.0,0.0,0.0,0.0,0.0,0.0,1.0,0.0,0.0,0.0,0.0,1.0,0.0,0.0,0.0,0.0,0.64625,-0.24250000000000002,-0.11135,0.9570683240781689,-0.08965622339491162,-0.00823663777263956
34,0.17,0.08750000000000001,-0.043750000000000004,0.065625,0.021875000000000002,-0.021875000000000002,0.013125,0.0,0.0,0.0,1.0,0.0,0.0,0.0,0.08750000000000001,-0.043750000000000004,0.065625,0.021875000000000002,-0.021875000000000002,0.013125,0.0,0.0,0.0,0.0,0.0,0.0,1.0,0.0,0.0,0.0,0.0,1.0,0.0,0.0,0.0,0.0,0.64625,-0.24250000000000002,-0.11135,0.9567843866823117,-0.08737993365663252,-0.008501562554227482
35,0.17500000000000002,0.09000000000000001,-0.045000000000000005,0.0675,0.022500000000000003,-0.022500000000000003,0.0135,0.0,0.0,0.0,1.0,0.0,0.0,0.0,0.09000000000000001,-0.045000000000000005,0.0675,0.022500000000000003,-0.022500000000000003,0.0135,0.0,0.0,0.0,0.0,0.0,0.0,1.0,0.0,0.0,0.0,0.0,1.0,0.0,0.0,0.0,0.0,0.64625,-0.24250000000000002,-0.11135,0.9564938571024851,-0.08510465018827269,-0.008766430972356814
36,0.18,0.09250000000000001,-0.046250000000000006,0.069375,0.023125000000000003,-0.023125000000000003,0.013875,0.0,0.0,0.0,1.0,0.0,0.0,0.0,0.09250000000000001,-0.046250000000000006,0.069375,0.023125000000000003,-0.023125000000000003,0.013875,0.0,0.0,0.0,0.0,0.0,0.0,1.0,0.0,0.0,0.0,0.0,1.0,0.0,0.0,0.0,0.0,0.64625,-0.24250000000000002,-0.11135,0.9561967388977535,-0.08283039373032954,-0.009031242419883213
37,0.185,0.095,-0.0475,0.07125,0.02375,-0.02375,0.014249999999999999,0.0,0.0,0.0,1.0,0.0,0.0,0.0,0.095,-0.0475,0.07125,0.02375,-0.02375,0.014249999999999999,0.0,0.0,0.0,0.0,0.0,0.0,1.0,0.0,0.0,0.0,0.0,1.0,0.0,0.0,0.0,0.0,0.64625,-0.24250000000000002,-0.11135,0.9558930356960054,-0.0805571850106247,-0.009295996289760251
38,0.19,0.0975,-0.04875,0.073125,0.024375,-0.024375,0.014624999999999999,0.0,0.0,0.0,1.0,0.0,0.0,0.0,0.0975,-0.04875,0.073125,0.024375,-0.024375,0.014624999999999999,0.0,0.0,0.0,0.0,0.0,0.0,1.0,0.0,0.0,0.0,0.0,1.0,0.0,0.0,0.0,0.0,0.64625,-0.24250000000000002,-0.11135,0.9555827511939072,-0.07828504474406768,-0.009560691975040222
39,0.195,0.1,-0.05,0.075,0.025,-0.025,0.015,0.0,0.0,0.0,1.0,0.0,0.0,0.0,0.1,-0.05,0.075,0.025,-0.025,0.015,0.0,0.0,0.0,0.0,0.0,0.0,1.0,0.0,0.0,0.0,0.0,1.0,0.0,0.0,0.0,0.0,0.64625,-0.24250000000000002,-0.11135,0.9552658891568585,-0.07601399363241948,-0.009825328868875017
40,0.2,0.1025,-0.05125,0.07687499999999999,0.025625,-0.025625,0.015374999999999998,0.0,0.0,0.0,1.0,0.0,0.0,0.0,0.1025,-0.05125,0.07687499999999999,0.025625,-0.025625,0.015374999999999998,0.0,0.0,0.0,0.0,0.0,0.0,1.0,0.0,0.0,0.0,0.0,1.0,0.0,0.0,0.0,0.0,0.64625,-0.24250000000000002,-0.11135,0.954942453418942,-0.07374405236405636,-0.010089906364516935
41,0.20500000000000002,0.10500000000000001,-0.052500000000000005,0.07875,0.026250000000000002,-0.026250000000000002,0.01575,0.0,0.0,0.0,1.0,0.0,0.0,0.0,0.10500000000000001,-0.052500000000000005,0.07875,0.026250000000000002,-0.026250000000000002,0.01575,0.0,0.0,0.0,0.0,0.0,0.0,1.0,0.0,0.0,0.0,0.0,1.0,0.0,0.0,0.0,0.0,0.64625,-0.24250000000000002,-0.11135,0.9546124478828794,-0.07147524161373373,-0.01035442385531958
42,0.21,0.1075,-0.05375,0.08062499999999999,0.026875,-0.026875,0.016125,0.0,0.0,0.0,1.0,0.0,0.0,0.0,0.1075,-0.05375,0.08062499999999999,0.026875,-0.026875,0.016125,0.0,0.0,0.0,0.0,0.0,0.0,1.0,0.0,0.0,0.0,0.0,1.0,0.0,0.0,0.0,0.0,0.64625,-0.24250000000000002,-0.11135,0.9542758765199795,-0.06920758204235042,-0.010618880734738505
43,0.215,0.11000000000000001,-0.05500000000000001,0.0825,0.027500000000000004,-0.027500000000000004,0.0165,0.0,0.0,0.0,1.0,0.0,0.0,0.0,0.11000000000000001,-0.05500000000000001,0.0825,0.027500000000000004,-0.027500000000000004,0.0165,0.0,0.0,0.0,0.0,0.0,0.0,1.0,0.0,0.0,0.0,0.0,1.0,0.0,0.0,0.0,0.0,0.64625,-0.24250000000000002,-0.11135,0.9539327433700889,-0.06694109429671288,-0.010883276396332284
44,0.22,0.1125,-0.05625,0.08437499999999999,0.028125,-0.028125,0.016875,0.0,0.0,0.0,1.0,0.0,0.0,0.0,0.1125,-0.05625,0.08437499999999999,0.028125,-0.028125,0.016875,0.0,0.0,0.0,0.0,0.0,0.0,1.0,0.0,0.0,0.0,0.0,1.0,0.0,0.0,0.0,0.0,0.64625,-0.24250000000000002,-0.11135,0.9535830525415417,-0.06467579900929975,-0.011147610233763162
45,0.225,0.11499999999999999,-0.057499999999999996,0.08625,0.028749999999999998,-0.028749999999999998,0.017249999999999998,0.0,0.0,0.0,1.0,0.0,0.0,0.0,0.11499999999999999,-0.057499999999999996,0.08625,0.028749999999999998,-0.028749999999999998,0.017249999999999998,0.0,0.0,0.0,0.0,0.0,0.0,1.0,0.0,0.0,0.0,0.0,1.0,0.0,0.0,0.0,0.0,0.64625,-0.24250000000000002,-0.11135,0.9532268082111098,-0.06241171679802648,-0.011411881640798007
46,0.23,0.11750000000000001,-0.058750000000000004,0.088125,0.029375000000000002,-0.029375000000000002,0.017625,0.0,0.0,0.0,1.0,0.0,0.0,0.0,0.11750000000000001,-0.058750000000000004,0.088125,0.029375000000000002,-0.029375000000000002,0.017625,0.0,0.0,0.0,0.0,0.0,0.0,1.0,0.0,0.0,0.0,0.0,1.0,0.0,0.0,0.0,0.0,0.64625,-0.24250000000000002,-0.11135,0.9528640146239473,-0.06014886826601024,-0.01167609001130907
47,0.23500000000000001,0.12,-0.06,0.09,0.03,-0.03,0.018,0.0,0.0,0.0,1.0,0.0,0.0,0.0,0.12,-0.06,0.09,0.03,-0.03,0.018,0.0,0.0,0.0,0.0,0.0,0.0,1.0,0.0,0.0,0.0,0.0,1.0,0.0,0.0,0.0,0.0,0.64625,-0.24250000000000002,-0.11135,0.9524946760935404,-0.05788727400133503,-0.011940234739274774
48,0.24,0.12250000000000001,-0.061250000000000006,0.091875,0.030625000000000003,-0.030625000000000003,0.018375,0.0,0.0,0.0,1.0,0.0,0.0,0.0,0.12250000000000001,-0.061250000000000006,0.091875,0.030625000000000003,-0.030625000000000003,0.018375,0.0,0.0,0.0,0.0,0.0,0.0,1.0,0.0,0.0,0.0,0.0,1.0,0.0,0.0,0.0,0.0,0.64625,-0.24250000000000002,-0.11135,0.952118797001652,-0.05562695457681674,-0.012204315218780723
49,0.245,0.125,-0.0625,0.09375,0.03125,-0.03125,0.01875,0.0,0.0,0.0,1.0,0.0,0.0,0.0,0.125,-0.0625,0.09375,0.03125,-0.03125,0.01875,0.0,0.0,0.0,0.0,0.0,0.0,1.0,0.0,0.0,0.0,0.0,1.0,0.0,0.0,0.0,0.0,0.64625,-0.24250000000000002,-0.11135,0.9517363817982674,-0.05336793054976888,-0.012468330844020359
50,0.25,0.1275,-0.06375,0.09562499999999999,0.031875,-0.031875,0.019125,0.0,0.0,0.0,1.0,0.0,0.0,0.0,0.1275,-0.06375,0.09562499999999999,0.031875,-0.031875,0.019125,0.0,0.0,0.0,0.0,0.0,0.0,1.0,0.0,0.0,0.0,0.0,1.0,0.0,0.0,0.0,0.0,0.64625,-0.24250000000000002,-0.11135,0.951347435001539,-0.0511102224617679,-0.012732281009295786
51,0.255,0.13,-0.065,0.0975,0.0325,-0.0325,0.0195,0.0,0.0,0.0,1.0,0.0,0.0,0.0,0.13,-0.065,0.0975,0.0325,-0.0325,0.0195,0.0,0.0,0.0,0.0,0.0,0.0,1.0,0.0,0.0,0.0,0.0,1.0,0.0,0.0,0.0,0.0,0.64625,-0.24250000000000002,-0.11135,0.9509519611977284,-0.04885385083841931,-0.012996165109018815
52,0.26,0.1325,-0.06625,0.09937499999999999,0.033125,-0.033125,0.019875,0.0,0.0,0.0,1.0,0.0,0.0,0.0,0.1325,-0.06625,0.09937499999999999,0.033125,-0.033125,0.019875,0.0,0.0,0.0,0.0,0.0,0.0,1.0,0.0,0.0,0.0,0.0,1.0,0.0,0.0,0.0,0.0,0.64625,-0.24250000000000002,-0.11135,0.9505499650411531,-0.04659883618912343,-0.013259982537711495
53,0.265,0.135,-0.0675,0.10125,0.03375,-0.03375,0.02025,0.0,0.0,0.0,1.0,0.0,0.0,0.0,0.135,-0.0675,0.10125,0.03375,-0.03375,0.02025,0.0,0.0,0.0,0.0,0.0,0.0,1.0,0.0,0.0,0.0,0.0,1.0,0.0,0.0,0.0,0.0,0.64625,-0.24250000000000002,-0.11135,0.9501414512541234,-0.044345199006842105,-0.013523732690007187
54,0.27,0.1375,-0.06875,0.103125,0.034375,-0.034375,0.020624999999999998,0.0,0.0,0.0,1.0,0.0,0.0,0.0,0.1375,-0.06875,0.103125,0.034375,-0.034375,0.020624999999999998,0.0,0.0,0.0,0.0,0.0,0.0,1.0,0.0,0.0,0.0,0.0,1.0,0.0,0.0,0.0,0.0,0.64625,-0.24250000000000002,-0.11135,0.9497264246268876,-0.04209295976786462,-0.013787414960651249
55,0.275,0.13999999999999999,-0.06999999999999999,0.105,0.034999999999999996,-0.034999999999999996,0.020999999999999998,0.0,0.0,0.0,1.0,0.0,0.0,0.0,0.13999999999999999,-0.06999999999999999,0.105,0.034999999999999996,-0.034999999999999996,0.020999999999999998,0.0,0.0,0.0,0.0,0.0,0.0,1.0,0.0,0.0,0.0,0.0,1.0,0.0,0.0,0.0,0.0,0.64625,-0.24250000000000002,-0.11135,0.9493048900175698,-0.03984213893157479,-0.014051028744501938
56,0.28,0.14250000000000002,-0.07125000000000001,0.106875,0.035625000000000004,-0.035625000000000004,0.021374999999999998,0.0,0.0,0.0,1.0,0.0,0.0,0.0,0.14250000000000002,-0.07125000000000001,0.106875,0.035625000000000004,-0.035625000000000004,0.021374999999999998,0.0,0.0,0.0,0.0,0.0,0.0,1.0,0.0,0.0,0.0,0.0,1.0,0.0,0.0,0.0,0.0,0.64625,-0.24250000000000002,-0.11135,0.9488768523521114,-0.03759275694021763,-0.014314573436531277
57,0.28500000000000003,0.145,-0.0725,0.10875,0.03625,-0.03625,0.02175,0.0,0.0,0.0,1.0,0.0,0.0,0.0,0.145,-0.0725,0.10875,0.03625,-0.03625,0.02175,0.0,0.0,0.0,0.0,0.0,0.0,1.0,0.0,0.0,0.0,0.0,1.0,0.0,0.0,0.0,0.0,0.64625,-0.24250000000000002,-0.11135,0.9484423166242085,-0.035344834218666674,-0.014578048431825709
58,0.29,0.14750000000000002,-0.07375000000000001,0.110625,0.036875000000000005,-0.036875000000000005,0.022125,0.0,0.0,0.0,1.0,0.0,0.0,0.0,0.14750000000000002,-0.07375000000000001,0.110625,0.036875000000000005,-0.036875000000000005,0.022125,0.0,0.0,0.0,0.0,0.0,0.0,1.0,0.0,0.0,0.0,0.0,1.0,0.0,0.0,0.0,0.0,0.64625,-0.24250000000000002,-0.11135,0.9480012878952495,-0.03309839117419091,-0.014841453125587177
59,0.295,0.15000000000000002,-0.07500000000000001,0.11249999999999999,0.037500000000000006,-0.037500000000000006,0.0225,0.0,0.0,0.0,1.0,0.0,0.0,0.0,0.15000000000000002,-0.07500000000000001,0.11249999999999999,0.037500000000000006,-0.037500000000000006,0.0225,0.0,0.0,0.0,0.0,0.0,0.0,1.0,0.0,0.0,0.0,0.0,1.0,0.0,0.0,0.0,0.0,0.64625,-0.24250000000000002,-0.11135,0.9475537712942547,-0.030853448196222873,-0.015104786913133663
60,0.3,0.1525,-0.07625,0.11437499999999999,0.038125,-0.038125,0.022875,0.0,0.0,0.0,1.0,0.0,0.0,0.0,0.1525,-0.07625,0.11437499999999999,0.038125,-0.038125,0.022875,0.0,0.0,0.0,0.0,0.0,0.0,1.0,0.0,0.0,0.0,0.0,1.0,0.0,0.0,0.0,0.0,0.64625,-0.24250000000000002,-0.11135,0.9470997720178076,-0.028610025656126123,-0.015368049189900354
61,0.305,0.15500000000000003,-0.07750000000000001,0.11624999999999999,0.03875000000000001,-0.03875000000000001,0.02325,0.0,0.0,0.0,1.0,0.0,0.0,0.0,0.15500000000000003,-0.07750000000000001,0.11624999999999999,0.03875000000000001,-0.03875000000000001,0.02325,0.0,0.0,0.0,0.0,0.0,0.0,1.0,0.0,0.0,0.0,0.0,1.0,0.0,0.0,0.0,0.0,0.64625,-0.24250000000000002,-0.11135,0.9466392953299968,-0.026368143906963105,-0.015631239351440156
62,0.31,0.1575,-0.07875,0.118125,0.039375,-0.039375,0.023625,0.0,0.0,0.0,1.0,0.0,0.0,0.0,0.1575,-0.07875,0.118125,0.039375,-0.039375,0.023625,0.0,0.0,0.0,0.0,0.0,0.0,1.0,0.0,0.0,0.0,0.0,1.0,0.0,0.0,0.0,0.0,0.64625,-0.24250000000000002,-0.11135,0.9461723465623445,-0.024127823283263843,-0.015894356793424717
63,0.315,0.16000000000000003,-0.08000000000000002,0.12,0.04000000000000001,-0.04000000000000001,0.024,0.0,0.0,0.0,1.0,0.0,0.0,0.0,0.16000000000000003,-0.08000000000000002,0.12,0.04000000000000001,-0.04000000000000001,0.024,0.0,0.0,0.0,0.0,0.0,0.0,1.0,0.0,0.0,0.0,0.0,1.0,0.0,0.0,0.0,0.0,0.64625,-0.24250000000000002,-0.11135,0.9456989311137451,-0.02188908410079393,-0.016157400911645248
64,0.32,0.1625,-0.08125,0.121875,0.040625,-0.040625,0.024375,0.0,0.0,0.0,1.0,0.0,0.0,0.0,0.1625,-0.08125,0.121875,0.040625,-0.040625,0.024375,0.0,0.0,0.0,0.0,0.0,0.0,1.0,0.0,0.0,0.0,0.0,1.0,0.0,0.0,0.0,0.0,0.64625,-0.24250000000000002,-0.11135,0.9452190544503948,-0.019651946656323867,-0.016420371102013148
65,0.325,0.165,-0.0825,0.12374999999999999,0.04125,-0.04125,0.024749999999999998,0.0,0.0,0.0,1.0,0.0,0.0,0.0,0.165,-0.0825,0.12374999999999999,0.04125,-0.04125,0.024749999999999998,0.0,0.0,0.0,0.0,0.0,0.0,1.0,0.0,0.0,0.0,0.0,1.0,0.0,0.0,0.0,0.0,0.64625,-0.24250000000000002,-0.11135,0.9447327221057252,-0.017416431227397236,-0.016683266760561227
66,0.33,0.1675,-0.08375,0.125625,0.041875,-0.041875,0.025124999999999998,0.0,0.0,0.0,1.0,0.0,0.0,0.0,0.1675,-0.08375,0.125625,0.041875,-0.041875,0.025124999999999998,0.0,0.0,0.0,0.0,0.0,0.0,1.0,0.0,0.0,0.0,0.0,1.0,0.0,0.0,0.0,0.0,0.64625,-0.24250000000000002,-0.11135,0.944239939680335,-0.0151825580721007,-0.016946087283444034
67,0.335,0.17,-0.085,0.1275,0.0425,-0.0425,0.0255,0.0,0.0,0.0,1.0,0.0,0.0,0.0,0.17,-0.085,0.1275,0.0425,-0.0425,0.0255,0.0,0.0,0.0,0.0,0.0,0.0,1.0,0.0,0.0,0.0,0.0,1.0,0.0,0.0,0.0,0.0,0.64625,-0.24250000000000002,-0.11135,0.9437407128419203,-0.012950347428832923,-0.01720883206693915
68,0.34,0.17250000000000001,-0.08625000000000001,0.129375,0.043125000000000004,-0.043125000000000004,0.025875,0.0,0.0,0.0,1.0,0.0,0.0,0.0,0.17250000000000001,-0.08625000000000001,0.129375,0.043125000000000004,-0.043125000000000004,0.025875,0.0,0.0,0.0,0.0,0.0,0.0,1.0,0.0,0.0,0.0,0.0,1.0,0.0,0.0,0.0,0.0,0.64625,-0.24250000000000002,-0.11135,0.9432350473252035,-0.010719819516074479,-0.017471500507447682
69,0.34500000000000003,0.17500000000000002,-0.08750000000000001,0.13125,0.043750000000000004,-0.043750000000000004,0.02625,0.0,0.0,0.0,1.0,0.0,0.0,0.0,0.17500000000000002,-0.08750000000000001,0.13125,0.043750000000000004,-0.043750000000000004,0.02625,0.0,0.0,0.0,0.0,0.0,0.0,1.0,0.0,0.0,0.0,0.0,1.0,0.0,0.0,0.0,0.0,0.64625,-0.24250000000000002,-0.11135,0.9427229489318628,-0.008490994532157944,-0.017734092001495373
70,0.35000000000000003,0.1775,-0.08875,0.133125,0.044375,-0.044375,0.026625,0.0,0.0,0.0,1.0,0.0,0.0,0.0,0.1775,-0.08875,0.133125,0.044375,-0.044375,0.026625,0.0,0.0,0.0,0.0,0.0,0.0,1.0,0.0,0.0,0.0,0.0,1.0,0.0,0.0,0.0,0.0,0.64625,-0.24250000000000002,-0.11135,0.942204423530461,-0.006263892655037906,-0.017996605945733064
71,0.355,0.18000000000000002,-0.09000000000000001,0.135,0.045000000000000005,-0.045000000000000005,0.027,0.0,0.0,0.0,1.0,0.0,0.0,0.0,0.18000000000000002,-0.09000000000000001,0.135,0.045000000000000005,-0.045000000000000005,0.027,0.0,0.0,0.0,0.0,0.0,0.0,1.0,0.0,0.0,0.0,0.0,1.0,0.0,0.0,0.0,0.0,0.64625,-0.24250000000000002,-0.11135,0.9416794770563723,-0.004038534042061413,-0.018259041736937945
72,0.36,0.1825,-0.09125,0.136875,0.045625,-0.045625,0.027375,0.0,0.0,0.0,1.0,0.0,0.0,0.0,0.1825,-0.09125,0.136875,0.045625,-0.045625,0.027375,0.0,0.0,0.0,0.0,0.0,0.0,1.0,0.0,0.0,0.0,0.0,1.0,0.0,0.0,0.0,0.0,0.64625,-0.24250000000000002,-0.11135,0.9411481155117077,-0.0018149388297391076,-0.01852139877201404
73,0.365,0.18500000000000003,-0.09250000000000001,0.13875,0.046250000000000006,-0.046250000000000006,0.02775,0.0,0.0,0.0,1.0,0.0,0.0,0.0,0.18500000000000003,-0.09250000000000001,0.13875,0.046250000000000006,-0.046250000000000006,0.02775,0.0,0.0,0.0,0.0,0.0,0.0,1.0,0.0,0.0,0.0,0.0,1.0,0.0,0.0,0.0,0.0,0.64625,-0.24250000000000002,-0.11135,0.9406103449652425,0.00040687286648427405,-0.018783676447993263
74,0.37,0.1875,-0.09375,0.140625,0.046875,-0.046875,0.028124999999999997,0.0,0.0,0.0,1.0,0.0,0.0,0.0,0.1875,-0.09375,0.140625,0.046875,-0.046875,0.028124999999999997,0.0,0.0,0.0,0.0,0.0,0.0,1.0,0.0,0.0,0.0,0.0,1.0,0.0,0.0,0.0,0.0,0.64625,-0.24250000000000002,-0.11135,0.9400661715523404,0.0026268809524581764,-0.019045874162036056
75,0.375,0.19,-0.095,0.1425,0.0475,-0.0475,0.028499999999999998,0.0,0.0,0.0,1.0,0.0,0.0,0.0,0.19,-0.095,0.1425,0.0475,-0.0475,0.028499999999999998,0.0,0.0,0.0,0.0,0.0,0.0,1.0,0.0,0.0,0.0,0.0,1.0,0.0,0.0,0.0,0.0,0.64625,-0.24250000000000002,-0.11135,0.9395156014748771,0.004845065355555098,-0.019307991311432404
76,0.38,0.1925,-0.09625,0.144375,0.048125,-0.048125,0.028874999999999998,0.0,0.0,0.0,1.0,0.0,0.0,0.0,0.1925,-0.09625,0.144375,0.048125,-0.048125,0.028874999999999998,0.0,0.0,0.0,0.0,0.0,0.0,1.0,0.0,0.0,0.0,0.0,1.0,0.0,0.0,0.0,0.0,0.64625,-0.24250000000000002,-0.11135,0.9389586410011646,0.0070614060248982945,-0.019570027293602462
77,0.385,0.195,-0.0975,0.14625,0.04875,-0.04875,0.029249999999999998,0.0,0.0,0.0,1.0,0.0,0.0,0.0,0.195,-0.0975,0.14625,0.04875,-0.04875,0.029249999999999998,0.0,0.0,0.0,0.0,0.0,0.0,1.0,0.0,0.0,0.0,0.0,1.0,0.0,0.0,0.0,0.0,0.64625,-0.24250000000000002,-0.11135,0.9383952964658719,0.00927588293159005,-0.019831981506097673
78,0.39,0.1975,-0.09875,0.148125,0.049375,-0.049375,0.029625,0.0,0.0,0.0,1.0,0.0,0.0,0.0,0.1975,-0.09875,0.148125,0.049375,-0.049375,0.029625,0.0,0.0,0.0,0.0,0.0,0.0,1.0,0.0,0.0,0.0,0.0,1.0,0.0,0.0,0.0,0.0,0.64625,-0.24250000000000002,-0.11135,0.9378255742699505,0.01148847606893925,-0.020093853346601187
79,0.395,0.2,-0.1,0.15,0.05,-0.05,0.03,0.0,0.0,0.0,1.0,0.0,0.0,0.0,0.2,-0.1,0.15,0.05,-0.05,0.03,0.0,0.0,0.0,0.0,0.0,0.0,1.0,0.0,0.0,0.0,0.0,1.0,0.0,0.0,0.0,0.0,0.64625,-0.24250000000000002,-0.11135,0.9372494808805499,0.01369916545268841,-0.020355642212929053
